commit,datetime,subject,pathology_ids_in_subject
7cf9921,2026-09-01T23:08:46+07:00,initial commit,
c1c47b9,2026-09-01T23:34:30+07:00,finally base tree architecture,
16301d8,2026-09-06T00:25:00+07:00,sas v1,
6942c67,2026-09-08T11:49:48+07:00,fix ui connected and rule engine,
dd40c63,2026-09-08T12:24:37+07:00,deleted pycache,
07a642c,2026-09-08T13:14:47+07:00,fix main with 8vcpu and 4000 batch,
2559cb4,2026-09-08T13:42:11+07:00,update ui and load checkpoint,
33aaa17,2026-09-09T00:09:53+07:00,update logger and loading checkpoint,
3243cbd,2026-09-13T16:08:14+07:00,fix new ui and rule engine,
da3a396,2026-09-13T22:10:25+07:00,checkpoint,
0e14350,2026-09-14T13:01:59+07:00,checkpoint,
de80d2f,2026-09-15T01:07:08+07:00,fix rule_engine with more effectiveness logic. new ui,
c366c00,2026-09-15T15:23:51+07:00,checkpoint,
ea6143e,2026-09-22T21:43:21+07:00,fix curriculum problem and lost funds in system,
de17b57,2026-09-25T00:10:21+07:00,refine parameter + train 150 epoch to understand trend + fix env,
dfda24b,2026-09-25T13:29:17+07:00,benchmark,
7e36e70,2026-09-26T11:47:50+07:00,fix logic and done training 500 epoch,
ed57a19,2026-09-28T00:16:57+07:00,"update and fix probs from ver 0.31 to 0.37, save historical activities privately",
9572b16,2026-09-28T22:02:41+07:00,adjust benchmark,
14406fd,2026-10-02T02:05:17+07:00,upload checkpoint and freeze code,
4e0327d,2026-10-02T17:58:45+07:00,Dang ky truoc quet thue phang + rl_mean_fixed (H1-H4) - chua chay nhanh nao,
759e6d1,2026-10-02T18:08:08+07:00,Benchmark: nhanh quet thue phang + rl_mean_fixed + so lieu tai khoa tung episode (chi cong cu danh gia),
0d964d8,2026-10-02T18:09:29+07:00,Script tong hop quet thue phang: cach kiem H1-H4 co dinh truoc khi co ket qua (chua doc file ket qua nao),
371799e,2026-10-02T20:03:34+07:00,Ket qua quet thue phang + rl_mean_fixed (dang ky truoc 4e0327d; ma 759e6d1; tong hop 0d964d8),
90711de,2026-10-06T01:14:06+07:00,Bo theo doi 3 file .md trong repo code (giu tren may; tai lieu .md sao luu o repo Documents rieng),
3719961,2026-10-06T01:14:07+07:00,"Dang ky truoc them seed huan luyen cho paper (404-909, toi thieu 4) - chua chay seed moi nao",
84d3d8a,2026-10-06T11:34:00+07:00,Do ty le buoc co nguoi am tai san cho 7 nhanh benchmark (3 seed x 2 che do); tai lap trung tung so voi benchmark cu,
b3dab75,2026-10-06T23:33:46+07:00,"Seed 404, 505 (paper, PREREG_extra_seeds.yaml): log train + cong iter 40/100 (ca 4 DAT 7/7) + checkpoint iter_10..100",
6a95505,2026-10-07T00:36:18+07:00,"Dang ky truoc A7.4 (bench-v2): ghep cap nhieu torch theo episode + G_P Raffinetti et al. 2015 (Muc 3.2 Eq.5, N huu han) tren tai san/tai san rong/tieu dung; chua co ma v2, chua co so lieu",
8ad92e5,2026-10-07T00:41:24+07:00,"bench-v2 (A7.4, theo PREREG_A74_bench_v2.yaml 6a95505): goi lai nguyen van be.benchmark.run_episode + torch.manual_seed(seed+i) moi episode + G_P Raffinetti 2015 (tai san lay dung mang cua rule_engine, tai san rong, tieu dung) + chan doan tai san am + sha256 truoc/sau",
452fb00,2026-10-07T00:54:10+07:00,"Sua doi dang ky truoc A7.4 (2026-10-07, huong B): gieo torch theo buoc x policy thay vi theo episode; ly do, gioi han, 3 kiem tra truoc khi chay, do giam phuong sai SD_v2/SD_v1. Chua xem du lieu that nao cua v2.",
d072f87,2026-10-07T00:56:49+07:00,bench-v2: gieo torch theo buoc x policy (sua doi dang ky 452fb00) + check_pairing_v2.py,
fd0301f,2026-10-07T16:01:01+07:00,"Xuat du lieu tho cho khoa luan (chi doc file san co): learning_curves.csv (5 seed x 100 iter), effort_histograms.csv (log cong 202-505), fiscal_flows.csv (bench-v1 84d3d8a, 7 nhanh x 3 seed x 2 che do)",
