seed,mode,arm,column,mean,sd_ddof1,n_episodes
42,det,free_market,eqprod,371.26883710096826,32.49181074532384,10
42,det,free_market,real_gdp_mean,867.5060163821969,44.80117516571216,10
42,det,free_market,one_minus_gini_mean,0.42817223742314103,0.03250533467369741,10
42,det,free_market,deaths,0.0,0.0,10
42,det,free_market,negwealth_step_share,0.002916666666666667,0.004413957939464084,10
42,det,free_market,taxes_total,0.0,0.0,10
42,det,free_market,fines,0.0,0.0,10
42,det,free_market,gov_purchases,0.0,0.0,10
42,det,free_market,demand_injection,0.0,0.0,10
42,det,free_market,relief_paid,0.0,0.0,10
42,det,free_market,newborn_grants,14698.119788846383,51.224070092915284,10
42,det,free_market,unemployment_mean,0.003030778219293622,0.00025558706764857,10
42,det,free_market+rl_aux,eqprod,361.77656406227516,44.49967780208103,10
42,det,free_market+rl_aux,real_gdp_mean,870.2228150350074,49.098044354532455,10
42,det,free_market+rl_aux,one_minus_gini_mean,0.4151392964282129,0.03921475458247237,10
42,det,free_market+rl_aux,deaths,0.0,0.0,10
42,det,free_market+rl_aux,negwealth_step_share,0.0008333333333333333,0.0017568209223157662,10
42,det,free_market+rl_aux,taxes_total,0.0,0.0,10
42,det,free_market+rl_aux,fines,0.0,0.0,10
42,det,free_market+rl_aux,gov_purchases,0.0,0.0,10
42,det,free_market+rl_aux,demand_injection,165.6766712665558,2.6796244628203094e-14,10
42,det,free_market+rl_aux,relief_paid,0.0,0.0,10
42,det,free_market+rl_aux,newborn_grants,14693.974332747335,52.35744546180733,10
42,det,free_market+rl_aux,unemployment_mean,0.0030277859486424604,0.0003573178246255484,10
42,det,rl_learned,eqprod,370.46228244932576,31.521117284451915,10
42,det,rl_learned,real_gdp_mean,891.1347675165946,48.564229404253126,10
42,det,rl_learned,one_minus_gini_mean,0.41585951494097395,0.02933327967917887,10
42,det,rl_learned,deaths,0.1,0.31622776601683794,10
42,det,rl_learned,negwealth_step_share,0.007083333333333333,0.005215273154310719,10
42,det,rl_learned,taxes_total,9886.143187099953,127.11971882497056,10
42,det,rl_learned,fines,0.0,0.0,10
42,det,rl_learned,gov_purchases,9532.724510637725,119.52391427967426,10
42,det,rl_learned,demand_injection,165.67679736614227,5.612362509182019,10
42,det,rl_learned,relief_paid,0.324387120310702,1.0258021438048852,10
42,det,rl_learned,newborn_grants,15033.688048961872,214.82012949635498,10
42,det,rl_learned,unemployment_mean,0.003163507250997435,0.00029435868709235165,10
42,det,saez,eqprod,143.01755837324976,23.606611800182083,10
42,det,saez,real_gdp_mean,667.7808350449859,82.13182965379595,10
42,det,saez,one_minus_gini_mean,0.21400825115900263,0.018759244264850677,10
42,det,saez,deaths,41.6,6.44980619863884,10
42,det,saez,negwealth_step_share,0.9620833333333334,0.00307443661405258,10
42,det,saez,taxes_total,59666.80664718485,5033.498990429589,10
42,det,saez,fines,2934.009795561851,263.3621846326242,10
42,det,saez,gov_purchases,62496.12045706655,5145.203536421803,10
42,det,saez,demand_injection,0.0,0.0,10
42,det,saez,relief_paid,27.390482744151956,30.156539129470616,10
42,det,saez,newborn_grants,12673.738296805132,1896.7923821143881,10
42,det,saez,unemployment_mean,0.003808278516263233,0.0011097267024441707,10
42,det,saez+rl_aux,eqprod,149.15227094729153,41.284944901146865,10
42,det,saez+rl_aux,real_gdp_mean,686.5655950630216,134.6460285263648,10
42,det,saez+rl_aux,one_minus_gini_mean,0.23481453114835368,0.1357062937905374,10
42,det,saez+rl_aux,deaths,40.7,7.288499312082167,10
42,det,saez+rl_aux,negwealth_step_share,0.9608333333333334,0.0035136418446315197,10
42,det,saez+rl_aux,taxes_total,57088.55029544273,10053.388877063244,10
42,det,saez+rl_aux,fines,2727.336922836125,278.581376462535,10
42,det,saez+rl_aux,gov_purchases,54404.16354060619,9307.19273586872,10
42,det,saez+rl_aux,demand_injection,166.09086294472218,1.3097890908932235,10
42,det,saez+rl_aux,relief_paid,16.003403867656314,22.6471999057544,10
42,det,saez+rl_aux,newborn_grants,15484.726063250122,5761.191868256384,10
42,det,saez+rl_aux,unemployment_mean,0.003352929747477677,0.0012289893392153058,10
42,det,us_federal,eqprod,300.1437142750305,24.395818877754145,10
42,det,us_federal,real_gdp_mean,865.7815279202102,62.56042206737348,10
42,det,us_federal,one_minus_gini_mean,0.34713241701144293,0.02380533261621502,10
42,det,us_federal,deaths,0.1,0.31622776601683794,10
42,det,us_federal,negwealth_step_share,0.8258333333333333,0.06893703514668162,10
42,det,us_federal,taxes_total,10695.657552424242,386.4793271221833,10
42,det,us_federal,fines,267.8146889745101,33.87239685378704,10
42,det,us_federal,gov_purchases,10950.320768571948,415.66167726757027,10
42,det,us_federal,demand_injection,0.0,0.0,10
42,det,us_federal,relief_paid,0.29966662837323516,0.9476290844026615,10
42,det,us_federal,newborn_grants,14713.227502566622,52.4503134538033,10
42,det,us_federal,unemployment_mean,0.0029526326659186147,0.00034209003585149845,10
42,det,us_federal+rl_aux,eqprod,287.30078891585543,40.451125759873534,10
42,det,us_federal+rl_aux,real_gdp_mean,877.3251876713763,56.25302166132123,10
42,det,us_federal+rl_aux,one_minus_gini_mean,0.32768751346758807,0.04353254227645049,10
42,det,us_federal+rl_aux,deaths,0.0,0.0,10
42,det,us_federal+rl_aux,negwealth_step_share,0.8345833333333333,0.07370408175037978,10
42,det,us_federal+rl_aux,taxes_total,10738.396508371241,500.1533036680905,10
42,det,us_federal+rl_aux,fines,268.47165145883366,36.70666349466065,10
42,det,us_federal+rl_aux,gov_purchases,10012.278265249182,490.9402491349765,10
42,det,us_federal+rl_aux,demand_injection,165.6766712665558,9.473903143468002e-15,10
42,det,us_federal+rl_aux,relief_paid,0.0,0.0,10
42,det,us_federal+rl_aux,newborn_grants,15633.258983913009,115.70045754723878,10
42,det,us_federal+rl_aux,unemployment_mean,0.002968304454235917,0.00029235561205988563,10
42,exp,free_market,eqprod,356.76768343982616,40.20816506684031,10
42,exp,free_market,real_gdp_mean,862.2309515456014,49.38219184733743,10
42,exp,free_market,one_minus_gini_mean,0.4140009719748585,0.040923437040814144,10
42,exp,free_market,deaths,0.2,0.42163702135578396,10
42,exp,free_market,negwealth_step_share,0.0008333333333333333,0.0017568209223157662,10
42,exp,free_market,taxes_total,0.0,0.0,10
42,exp,free_market,fines,0.0,0.0,10
42,exp,free_market,gov_purchases,0.0,0.0,10
42,exp,free_market,demand_injection,0.0,0.0,10
42,exp,free_market,relief_paid,0.0,0.0,10
42,exp,free_market,newborn_grants,14717.09325647293,54.93483324482279,10
42,exp,free_market,unemployment_mean,0.0047619134382044185,0.0010566654682965034,10
42,exp,free_market+rl_aux,eqprod,362.7536743922567,50.621539825445545,10
42,exp,free_market+rl_aux,real_gdp_mean,863.2788229311072,36.627968324999216,10
42,exp,free_market+rl_aux,one_minus_gini_mean,0.4190904526385588,0.04574503751655513,10
42,exp,free_market+rl_aux,deaths,0.0,0.0,10
42,exp,free_market+rl_aux,negwealth_step_share,0.0024999999999999996,0.0040253824294970665,10
42,exp,free_market+rl_aux,taxes_total,0.0,0.0,10
42,exp,free_market+rl_aux,fines,0.0,0.0,10
42,exp,free_market+rl_aux,gov_purchases,0.0,0.0,10
42,exp,free_market+rl_aux,demand_injection,144.22720155715942,4.898840741265166,10
42,exp,free_market+rl_aux,relief_paid,12.684562595172064,19.729841165722796,10
42,exp,free_market+rl_aux,newborn_grants,14694.168016861184,82.80974174113932,10
42,exp,free_market+rl_aux,unemployment_mean,0.004847595774975586,0.0014005247759845251,10
42,exp,rl_learned,eqprod,367.6669903484212,30.377101099028387,10
42,exp,rl_learned,real_gdp_mean,901.3959009032051,42.93384197512677,10
42,exp,rl_learned,one_minus_gini_mean,0.4091504756599399,0.043193044912231505,10
42,exp,rl_learned,deaths,0.1,0.31622776601683794,10
42,exp,rl_learned,negwealth_step_share,0.06416666666666666,0.03287884606427845,10
42,exp,rl_learned,taxes_total,10480.804392644683,1195.6316700713462,10
42,exp,rl_learned,fines,414.3285584313072,95.9383476516479,10
42,exp,rl_learned,gov_purchases,9368.744070880204,1411.2534466197221,10
42,exp,rl_learned,demand_injection,144.17759240716697,10.086865700606246,10
42,exp,rl_learned,relief_paid,30.642745834687798,16.75633179278799,10
42,exp,rl_learned,newborn_grants,16125.432639090253,333.1797088417418,10
42,exp,rl_learned,unemployment_mean,0.006424754657981253,0.0012904007659508838,10
42,exp,saez,eqprod,168.50502826317168,35.305827278321395,10
42,exp,saez,real_gdp_mean,698.4590159848505,59.741828136941486,10
42,exp,saez,one_minus_gini_mean,0.23999831230361374,0.03709638555229371,10
42,exp,saez,deaths,36.8,3.1198290551460244,10
42,exp,saez,negwealth_step_share,0.9633333333333335,0.00263523138347364,10
42,exp,saez,taxes_total,55735.26971935448,3576.11937176358,10
42,exp,saez,fines,4223.845308350268,391.6557777166114,10
42,exp,saez,gov_purchases,59884.07366770947,3756.4635752790487,10
42,exp,saez,demand_injection,0.0,0.0,10
42,exp,saez,relief_paid,189.47522010012256,98.56440939299682,10
42,exp,saez,newborn_grants,12256.83715599703,1763.3889524927836,10
42,exp,saez,unemployment_mean,0.017196492820001304,0.0043678025033606046,10
42,exp,saez+rl_aux,eqprod,151.96547744253533,26.767997357146747,10
42,exp,saez+rl_aux,real_gdp_mean,775.3236967150058,112.66360730410928,10
42,exp,saez+rl_aux,one_minus_gini_mean,0.19583317062429145,0.014933534485825585,10
42,exp,saez+rl_aux,deaths,40.8,4.732863826479693,10
42,exp,saez+rl_aux,negwealth_step_share,0.9620833333333334,0.00307443661405258,10
42,exp,saez+rl_aux,taxes_total,56250.667056622,4422.151523127771,10
42,exp,saez+rl_aux,fines,3370.644064480356,316.8829808167223,10
42,exp,saez+rl_aux,gov_purchases,50361.27856127861,3877.847837237388,10
42,exp,saez+rl_aux,demand_injection,166.35296543240548,19.350208453817928,10
42,exp,saez+rl_aux,relief_paid,200.6781338620263,106.43070567605109,10
42,exp,saez+rl_aux,newborn_grants,20473.87367220215,1786.1643957119838,10
42,exp,saez+rl_aux,unemployment_mean,0.014487025640203358,0.004755080600098521,10
42,exp,us_federal,eqprod,306.23787606652485,14.689960352140837,10
42,exp,us_federal,real_gdp_mean,865.9457889679865,48.79520588295744,10
42,exp,us_federal,one_minus_gini_mean,0.35466398585636427,0.025897376754002516,10
42,exp,us_federal,deaths,0.0,0.0,10
42,exp,us_federal,negwealth_step_share,0.8704166666666667,0.07266026347935224,10
42,exp,us_federal,taxes_total,10344.503797793486,500.4785709439947,10
42,exp,us_federal,fines,468.0327876491966,61.55205864644129,10
42,exp,us_federal,gov_purchases,10799.636322710987,552.6156098801606,10
42,exp,us_federal,demand_injection,0.0,0.0,10
42,exp,us_federal,relief_paid,18.9399409890734,18.228403061386903,10
42,exp,us_federal,newborn_grants,14719.793676979316,46.216243822471725,10
42,exp,us_federal,unemployment_mean,0.0050923721460719076,0.0010349462543105623,10
42,exp,us_federal+rl_aux,eqprod,294.30837094213086,27.5241269375108,10
42,exp,us_federal+rl_aux,real_gdp_mean,879.0060762347241,53.66828413297866,10
42,exp,us_federal+rl_aux,one_minus_gini_mean,0.33547301537208496,0.032770919340251614,10
42,exp,us_federal+rl_aux,deaths,0.0,0.0,10
42,exp,us_federal+rl_aux,negwealth_step_share,0.8408333333333333,0.0895763347826111,10
42,exp,us_federal+rl_aux,taxes_total,10461.759019049074,465.68415640339595,10
42,exp,us_federal+rl_aux,fines,464.62532994081994,86.43084951446676,10
42,exp,us_federal+rl_aux,gov_purchases,9234.731342853485,451.92175193348544,10
42,exp,us_federal+rl_aux,demand_injection,143.29066128730773,2.6581176837588907,10
42,exp,us_federal+rl_aux,relief_paid,25.94481724932276,23.446330527738994,10
42,exp,us_federal+rl_aux,newborn_grants,16173.267275542423,61.617195131387085,10
42,exp,us_federal+rl_aux,unemployment_mean,0.005641058732555972,0.0007634741052968408,10
202,det,free_market,eqprod,427.5126906738941,47.225248097896895,10
202,det,free_market,real_gdp_mean,862.5933234492135,38.32257601961891,10
202,det,free_market,one_minus_gini_mean,0.4958156205784373,0.050902632186155934,10
202,det,free_market,deaths,0.0,0.0,10
202,det,free_market,negwealth_step_share,0.0,0.0,10
202,det,free_market,taxes_total,0.0,0.0,10
202,det,free_market,fines,0.0,0.0,10
202,det,free_market,gov_purchases,0.0,0.0,10
202,det,free_market,demand_injection,0.0,0.0,10
202,det,free_market,relief_paid,0.0,0.0,10
202,det,free_market,newborn_grants,14711.492126044806,62.30614052440706,10
202,det,free_market,unemployment_mean,0.00296682490601237,0.0002505194009541458,10
202,det,free_market+rl_aux,eqprod,418.42833591991985,60.692305140907656,10
202,det,free_market+rl_aux,real_gdp_mean,861.8497027250162,36.15643062818391,10
202,det,free_market+rl_aux,one_minus_gini_mean,0.48574592943303313,0.06819924497758538,10
202,det,free_market+rl_aux,deaths,0.0,0.0,10
202,det,free_market+rl_aux,negwealth_step_share,0.0,0.0,10
202,det,free_market+rl_aux,taxes_total,0.0,0.0,10
202,det,free_market+rl_aux,fines,0.0,0.0,10
202,det,free_market+rl_aux,gov_purchases,0.0,0.0,10
202,det,free_market+rl_aux,demand_injection,91.18358373641969,4.4938668397781776e-14,10
202,det,free_market+rl_aux,relief_paid,0.0,0.0,10
202,det,free_market+rl_aux,newborn_grants,14712.057435431847,63.5072736589741,10
202,det,free_market+rl_aux,unemployment_mean,0.0029035119047538934,0.00021489736497532486,10
202,det,rl_learned,eqprod,455.1639639908464,47.53074052070521,10
202,det,rl_learned,real_gdp_mean,898.252219025558,40.30552166436406,10
202,det,rl_learned,one_minus_gini_mean,0.5070949731745846,0.05073130427494465,10
202,det,rl_learned,deaths,0.0,0.0,10
202,det,rl_learned,negwealth_step_share,0.005833333333333334,0.009662515072736714,10
202,det,rl_learned,taxes_total,19559.80018221022,826.1453344576777,10
202,det,rl_learned,fines,939.9288347026865,96.80165270782616,10
202,det,rl_learned,gov_purchases,20491.570968985026,830.7294736644282,10
202,det,rl_learned,demand_injection,91.18353778123856,13.149724757161186,10
202,det,rl_learned,relief_paid,0.0,0.0,10
202,det,rl_learned,newborn_grants,14681.894043836413,81.2397170974188,10
202,det,rl_learned,unemployment_mean,0.003077344734968683,0.000193699016055399,10
202,det,saez,eqprod,129.46598905179786,13.789412275250681,10
202,det,saez,real_gdp_mean,653.0037207433483,68.98879189286636,10
202,det,saez,one_minus_gini_mean,0.19864287746717704,0.012366969471550174,10
202,det,saez,deaths,44.0,4.422166387140534,10
202,det,saez,negwealth_step_share,0.9504166666666668,0.003648312649045509,10
202,det,saez,taxes_total,49475.20705875054,3774.8054340651156,10
202,det,saez,fines,2386.4232445665066,223.87374364589195,10
202,det,saez,gov_purchases,51815.030114612564,3926.1888102453054,10
202,det,saez,demand_injection,0.0,0.0,10
202,det,saez,relief_paid,0.0,0.0,10
202,det,saez,newborn_grants,9394.943864697965,2324.2390126428973,10
202,det,saez,unemployment_mean,0.0028884133976702867,0.000740577072158103,10
202,det,saez+rl_aux,eqprod,118.03217182191133,23.86537783431371,10
202,det,saez+rl_aux,real_gdp_mean,610.0401962456538,63.2928203367506,10
202,det,saez+rl_aux,one_minus_gini_mean,0.19619333888329535,0.05351952106805916,10
202,det,saez+rl_aux,deaths,40.8,9.704523572941525,10
202,det,saez+rl_aux,negwealth_step_share,0.95,0.003402069087198892,10
202,det,saez+rl_aux,taxes_total,46308.55452318916,2799.7328746593685,10
202,det,saez+rl_aux,fines,2298.562966067419,214.87567303872558,10
202,det,saez+rl_aux,gov_purchases,47389.61919886874,2843.594228152349,10
202,det,saez+rl_aux,demand_injection,91.18358373641968,1.8947806286936004e-14,10
202,det,saez+rl_aux,relief_paid,0.0,0.0,10
202,det,saez+rl_aux,newborn_grants,7701.412180575289,2167.778959560842,10
202,det,saez+rl_aux,unemployment_mean,0.0023882911441611247,0.0013128995640200641,10
202,det,us_federal,eqprod,354.1608517360236,35.16202204737538,10
202,det,us_federal,real_gdp_mean,871.1959992947847,44.80833151810643,10
202,det,us_federal,one_minus_gini_mean,0.4064911442563207,0.034872667001897756,10
202,det,us_federal,deaths,0.0,0.0,10
202,det,us_federal,negwealth_step_share,0.7075000000000001,0.11403784297166282,10
202,det,us_federal,taxes_total,10045.265746390982,321.76936331954977,10
202,det,us_federal,fines,317.2947518696383,23.226053118943675,10
202,det,us_federal,gov_purchases,10349.412722109562,335.64214952514084,10
202,det,us_federal,demand_injection,0.0,0.0,10
202,det,us_federal,relief_paid,0.0,0.0,10
202,det,us_federal,newborn_grants,14724.348116815385,62.65185640072581,10
202,det,us_federal,unemployment_mean,0.002900509069962658,0.00037819702124567865,10
202,det,us_federal+rl_aux,eqprod,351.86534620498236,31.288181617014402,10
202,det,us_federal+rl_aux,real_gdp_mean,874.2740128013938,46.05141583129187,10
202,det,us_federal+rl_aux,one_minus_gini_mean,0.4025515574868913,0.029943779790971053,10
202,det,us_federal+rl_aux,deaths,0.0,0.0,10
202,det,us_federal+rl_aux,negwealth_step_share,0.7079166666666667,0.11396423659298659,10
202,det,us_federal+rl_aux,taxes_total,10073.542549232257,367.53155567924966,10
202,det,us_federal+rl_aux,fines,316.40525365308065,22.922500194655623,10
202,det,us_federal+rl_aux,gov_purchases,10123.319064592642,371.5145542670726,10
202,det,us_federal+rl_aux,demand_injection,91.18358373641968,6.6990611570507735e-15,10
202,det,us_federal+rl_aux,relief_paid,0.0,0.0,10
202,det,us_federal+rl_aux,newborn_grants,14873.737444627966,194.6771637847201,10
202,det,us_federal+rl_aux,unemployment_mean,0.002941257654558526,0.00042101303722681546,10
202,exp,free_market,eqprod,411.1552600867126,41.91408512221869,10
202,exp,free_market,real_gdp_mean,873.9765541511027,45.89777639551526,10
202,exp,free_market,one_minus_gini_mean,0.4704777178604019,0.0412294775833539,10
202,exp,free_market,deaths,0.0,0.0,10
202,exp,free_market,negwealth_step_share,0.005833333333333334,0.01573801719357255,10
202,exp,free_market,taxes_total,0.0,0.0,10
202,exp,free_market,fines,0.0,0.0,10
202,exp,free_market,gov_purchases,0.0,0.0,10
202,exp,free_market,demand_injection,0.0,0.0,10
202,exp,free_market,relief_paid,0.0,0.0,10
202,exp,free_market,newborn_grants,14762.865319858078,49.73577139905615,10
202,exp,free_market,unemployment_mean,0.0041811612671751605,0.0006409437245361274,10
202,exp,free_market+rl_aux,eqprod,412.78037250713714,31.49524673317503,10
202,exp,free_market+rl_aux,real_gdp_mean,875.585503679851,35.90297956467374,10
202,exp,free_market+rl_aux,one_minus_gini_mean,0.47205096734434526,0.0392114594103884,10
202,exp,free_market+rl_aux,deaths,0.3,0.6749485577105528,10
202,exp,free_market+rl_aux,negwealth_step_share,0.0,0.0,10
202,exp,free_market+rl_aux,taxes_total,0.0,0.0,10
202,exp,free_market+rl_aux,fines,0.0,0.0,10
202,exp,free_market+rl_aux,gov_purchases,0.0,0.0,10
202,exp,free_market+rl_aux,demand_injection,88.79677392616868,0.8584858715308304,10
202,exp,free_market+rl_aux,relief_paid,4.913642848266074,5.1866487149694445,10
202,exp,free_market+rl_aux,newborn_grants,14735.03920914888,75.66435089667007,10
202,exp,free_market+rl_aux,unemployment_mean,0.004114641627934531,0.0007863677431525314,10
202,exp,rl_learned,eqprod,425.19268876097806,38.28339698895572,10
202,exp,rl_learned,real_gdp_mean,893.565710610587,38.18703634685973,10
202,exp,rl_learned,one_minus_gini_mean,0.47572440455907783,0.03667777612663531,10
202,exp,rl_learned,deaths,0.0,0.0,10
202,exp,rl_learned,negwealth_step_share,0.0225,0.02439072379835021,10
202,exp,rl_learned,taxes_total,17601.785546689032,866.0100746726133,10
202,exp,rl_learned,fines,1071.9385087541348,240.33280046131011,10
202,exp,rl_learned,gov_purchases,18438.508194691578,913.3612027448492,10
202,exp,rl_learned,demand_injection,88.5714714601636,8.72471135317598,10
202,exp,rl_learned,relief_paid,3.2362506043651047,4.418856115567828,10
202,exp,rl_learned,newborn_grants,14908.109232509712,193.98805846175836,10
202,exp,rl_learned,unemployment_mean,0.0036030598101649347,0.0009322546499163239,10
202,exp,saez,eqprod,141.01373331296128,8.2013952422528,10
202,exp,saez,real_gdp_mean,693.3064940431956,71.31480841175765,10
202,exp,saez,one_minus_gini_mean,0.2045291696357648,0.014603636437045875,10
202,exp,saez,deaths,39.3,3.301514803843836,10
202,exp,saez,negwealth_step_share,0.9504166666666668,0.0030744366140526254,10
202,exp,saez,taxes_total,49477.14093518255,2271.40672764516,10
202,exp,saez,fines,3373.202763463289,252.55181271751638,10
202,exp,saez,gov_purchases,52776.74117744813,2367.6617502875556,10
202,exp,saez,demand_injection,0.0,0.0,10
202,exp,saez,relief_paid,41.79139843386502,34.19372730258679,10
202,exp,saez,newborn_grants,10934.618441518653,1321.606206829454,10
202,exp,saez,unemployment_mean,0.004753323028244339,0.0013028619889726629,10
202,exp,saez+rl_aux,eqprod,138.74821232325846,27.004805658660022,10
202,exp,saez+rl_aux,real_gdp_mean,709.8746988378492,102.92901312668941,10
202,exp,saez+rl_aux,one_minus_gini_mean,0.19500209370566063,0.01561316398018458,10
202,exp,saez+rl_aux,deaths,39.5,4.06201920231798,10
202,exp,saez+rl_aux,negwealth_step_share,0.9520833333333334,0.0021960261528947587,10
202,exp,saez+rl_aux,taxes_total,48800.0057831257,4475.7782903419975,10
202,exp,saez+rl_aux,fines,3376.368998769937,418.31959752754534,10
202,exp,saez+rl_aux,gov_purchases,49457.14076654277,4235.851653424765,10
202,exp,saez+rl_aux,demand_injection,89.38605156317354,1.228275421250952,10
202,exp,saez+rl_aux,relief_paid,59.15788499889946,26.32357982347658,10
202,exp,saez+rl_aux,newborn_grants,12141.7470600595,3445.2463925451743,10
202,exp,saez+rl_aux,unemployment_mean,0.005676826126214138,0.0017047385478940514,10
202,exp,us_federal,eqprod,337.72721620664277,34.792880694243856,10
202,exp,us_federal,real_gdp_mean,864.5625096960002,46.25557465472444,10
202,exp,us_federal,one_minus_gini_mean,0.3907303144813509,0.03560625803956661,10
202,exp,us_federal,deaths,0.0,0.0,10
202,exp,us_federal,negwealth_step_share,0.7220833333333333,0.10439881538753679,10
202,exp,us_federal,taxes_total,9721.388139382332,236.35363428953116,10
202,exp,us_federal,fines,449.35730231713603,45.84627895873071,10
202,exp,us_federal,gov_purchases,10158.259222958364,268.84128683322433,10
202,exp,us_federal,demand_injection,0.0,0.0,10
202,exp,us_federal,relief_paid,5.31312955716591,10.57810396238631,10
202,exp,us_federal,newborn_grants,14760.024366587186,51.098774126776455,10
202,exp,us_federal,unemployment_mean,0.003821887862637092,0.0010771899051049074,10
202,exp,us_federal+rl_aux,eqprod,350.63225049702015,44.351494966266245,10
202,exp,us_federal+rl_aux,real_gdp_mean,879.8856824884076,52.04664094903056,10
202,exp,us_federal+rl_aux,one_minus_gini_mean,0.39843799097822,0.04475405432594055,10
202,exp,us_federal+rl_aux,deaths,0.0,0.0,10
202,exp,us_federal+rl_aux,negwealth_step_share,0.7795833333333334,0.07751567941749304,10
202,exp,us_federal+rl_aux,taxes_total,9853.335093362923,207.73481684895685,10
202,exp,us_federal+rl_aux,fines,451.1959562082733,44.49345363521636,10
202,exp,us_federal+rl_aux,gov_purchases,9769.84663329644,213.2379312814099,10
202,exp,us_federal+rl_aux,demand_injection,88.53896495997905,0.46586487678431443,10
202,exp,us_federal+rl_aux,relief_paid,4.618309090696298,7.280903881858844,10
202,exp,us_federal+rl_aux,newborn_grants,15234.156869666342,34.89833590985011,10
202,exp,us_federal+rl_aux,unemployment_mean,0.00410193112350629,0.0012254058879569245,10
303,det,free_market,eqprod,388.28327979109554,33.703290373461684,10
303,det,free_market,real_gdp_mean,902.6610707776323,47.346850679070606,10
303,det,free_market,one_minus_gini_mean,0.4298052318664817,0.024198273210623813,10
303,det,free_market,deaths,0.2,0.6324555320336759,10
303,det,free_market,negwealth_step_share,0.0,0.0,10
303,det,free_market,taxes_total,0.0,0.0,10
303,det,free_market,fines,0.0,0.0,10
303,det,free_market,gov_purchases,0.0,0.0,10
303,det,free_market,demand_injection,0.0,0.0,10
303,det,free_market,relief_paid,0.0,0.0,10
303,det,free_market,newborn_grants,14818.525561445102,197.87752621305302,10
303,det,free_market,unemployment_mean,0.0032362741639176463,0.0006315603691485615,10
303,det,free_market+rl_aux,eqprod,390.17967694953114,26.54628432551787,10
303,det,free_market+rl_aux,real_gdp_mean,912.8528195839366,32.086331516299694,10
303,det,free_market+rl_aux,one_minus_gini_mean,0.4272169961611606,0.020865024913070445,10
303,det,free_market+rl_aux,deaths,0.2,0.6324555320336759,10
303,det,free_market+rl_aux,negwealth_step_share,0.0,0.0,10
303,det,free_market+rl_aux,taxes_total,0.0,0.0,10
303,det,free_market+rl_aux,fines,0.0,0.0,10
303,det,free_market+rl_aux,gov_purchases,0.0,0.0,10
303,det,free_market+rl_aux,demand_injection,-90.2628242969513,0.0,10
303,det,free_market+rl_aux,relief_paid,0.2295974649488926,0.7260509342391755,10
303,det,free_market+rl_aux,newborn_grants,14865.76904602845,183.99618426516065,10
303,det,free_market+rl_aux,unemployment_mean,0.0034395578847704936,0.00045544206961826435,10
303,det,rl_learned,eqprod,401.3971206657478,33.9492877651699,10
303,det,rl_learned,real_gdp_mean,927.4261116696313,34.65977157886755,10
303,det,rl_learned,one_minus_gini_mean,0.43297054208202745,0.03435655770654414,10
303,det,rl_learned,deaths,0.1,0.31622776601683794,10
303,det,rl_learned,negwealth_step_share,0.0,0.0,10
303,det,rl_learned,taxes_total,14587.684387336198,527.7028704846456,10
303,det,rl_learned,fines,15.947910436222761,7.612941529150636,10
303,det,rl_learned,gov_purchases,14209.05780608938,554.9597423658373,10
303,det,rl_learned,demand_injection,-90.26278391182423,3.9275655206982254,10
303,det,rl_learned,relief_paid,0.0,0.0,10
303,det,rl_learned,newborn_grants,15064.406560270669,126.37384401685902,10
303,det,rl_learned,unemployment_mean,0.003657289539625992,0.000992841458585014,10
303,det,saez,eqprod,237.03496165070106,38.68922111945265,10
303,det,saez,real_gdp_mean,843.1742354894884,50.106228712046004,10
303,det,saez,one_minus_gini_mean,0.2816910904409407,0.04606691709855736,10
303,det,saez,deaths,31.4,3.0983866769659336,10
303,det,saez,negwealth_step_share,0.9429166666666665,0.004831257536368341,10
303,det,saez,taxes_total,66624.50399812877,2351.4936590011107,10
303,det,saez,fines,5396.981286090566,457.2527621419627,10
303,det,saez,gov_purchases,71831.8063913353,2477.6454018873064,10
303,det,saez,demand_injection,0.0,0.0,10
303,det,saez,relief_paid,0.0,0.0,10
303,det,saez,newborn_grants,15107.147312443816,37.96584835156623,10
303,det,saez,unemployment_mean,0.004444224400089985,0.0020886499847381926,10
303,det,saez+rl_aux,eqprod,202.36827023327288,16.10697528589621,10
303,det,saez+rl_aux,real_gdp_mean,884.6426514299844,62.424369386227006,10
303,det,saez+rl_aux,one_minus_gini_mean,0.22880170795108365,0.009244267045446723,10
303,det,saez+rl_aux,deaths,30.0,5.557777333511022,10
303,det,saez+rl_aux,negwealth_step_share,0.9399999999999998,0.00527046276694728,10
303,det,saez+rl_aux,taxes_total,63301.59125297873,3300.526979352367,10
303,det,saez+rl_aux,fines,4375.763066013831,549.9285288793963,10
303,det,saez+rl_aux,gov_purchases,60729.62255205449,2959.0918982597627,10
303,det,saez+rl_aux,demand_injection,-90.2628242969513,0.0,10
303,det,saez+rl_aux,relief_paid,0.0,0.0,10
303,det,saez+rl_aux,newborn_grants,21718.949843985927,438.4297408238929,10
303,det,saez+rl_aux,unemployment_mean,0.003525263070158443,0.0002789480329585925,10
303,det,us_federal,eqprod,319.5318513609301,43.23692322981132,10
303,det,us_federal,real_gdp_mean,910.6628842692269,40.21564966792488,10
303,det,us_federal,one_minus_gini_mean,0.35015117714785987,0.03824170067676678,10
303,det,us_federal,deaths,0.1,0.31622776601683794,10
303,det,us_federal,negwealth_step_share,0.7104166666666666,0.0463252224448831,10
303,det,us_federal,taxes_total,10467.956919124215,353.84576794445974,10
303,det,us_federal,fines,328.93897330965206,21.01000213337632,10
303,det,us_federal,gov_purchases,10780.958589111935,361.96744322553184,10
303,det,us_federal,demand_injection,0.0,0.0,10
303,det,us_federal,relief_paid,0.07412990785861229,0.23441935157163002,10
303,det,us_federal,newborn_grants,14794.132953358803,190.64014972177267,10
303,det,us_federal,unemployment_mean,0.0033505802381820415,0.00027519228196740185,10
303,det,us_federal+rl_aux,eqprod,292.28652699092123,33.218712668800244,10
303,det,us_federal+rl_aux,real_gdp_mean,915.7124592866578,33.51188244721239,10
303,det,us_federal+rl_aux,one_minus_gini_mean,0.31885078862365923,0.0300139504869308,10
303,det,us_federal+rl_aux,deaths,0.1,0.31622776601683794,10
303,det,us_federal+rl_aux,negwealth_step_share,0.7045833333333333,0.050094432430099714,10
303,det,us_federal+rl_aux,taxes_total,10350.23942216234,383.65237857819255,10
303,det,us_federal+rl_aux,fines,325.6275505949633,20.37393160227594,10
303,det,us_federal+rl_aux,gov_purchases,9588.268562661906,346.6101598786008,10
303,det,us_federal+rl_aux,demand_injection,-90.2628242969513,0.0,10
303,det,us_federal+rl_aux,relief_paid,0.10606196400658754,0.33539737937161457,10
303,det,us_federal+rl_aux,newborn_grants,15907.546534761865,170.60320351628664,10
303,det,us_federal+rl_aux,unemployment_mean,0.003347255803020529,0.00030948005091179686,10
303,exp,free_market,eqprod,385.1634823197202,51.23213637032026,10
303,exp,free_market,real_gdp_mean,897.7760865092134,48.24553474550414,10
303,exp,free_market,one_minus_gini_mean,0.4286129754970725,0.04731077221599639,10
303,exp,free_market,deaths,0.1,0.31622776601683794,10
303,exp,free_market,negwealth_step_share,0.0,0.0,10
303,exp,free_market,taxes_total,0.0,0.0,10
303,exp,free_market,fines,0.0,0.0,10
303,exp,free_market,gov_purchases,0.0,0.0,10
303,exp,free_market,demand_injection,0.0,0.0,10
303,exp,free_market,relief_paid,0.0,0.0,10
303,exp,free_market,newborn_grants,14816.125335961158,208.8517228000678,10
303,exp,free_market,unemployment_mean,0.0055750158096256035,0.0008858707672599825,10
303,exp,free_market+rl_aux,eqprod,365.7770059330513,38.813552675016005,10
303,exp,free_market+rl_aux,real_gdp_mean,909.1136548929848,36.438331620506695,10
303,exp,free_market+rl_aux,one_minus_gini_mean,0.402133847113332,0.03814679706070755,10
303,exp,free_market+rl_aux,deaths,0.2,0.6324555320336759,10
303,exp,free_market+rl_aux,negwealth_step_share,0.0,0.0,10
303,exp,free_market+rl_aux,taxes_total,0.0,0.0,10
303,exp,free_market+rl_aux,fines,0.0,0.0,10
303,exp,free_market+rl_aux,gov_purchases,0.0,0.0,10
303,exp,free_market+rl_aux,demand_injection,-78.61850895434618,1.5379438589235304,10
303,exp,free_market+rl_aux,relief_paid,6.46301580322347,4.767629827760194,10
303,exp,free_market+rl_aux,newborn_grants,14864.975552893218,181.88441129939372,10
303,exp,free_market+rl_aux,unemployment_mean,0.005269683307569871,0.0012955553247655056,10
303,exp,rl_learned,eqprod,366.83125917637165,27.740301852379805,10
303,exp,rl_learned,real_gdp_mean,935.2790770897121,49.26402851466621,10
303,exp,rl_learned,one_minus_gini_mean,0.39308088018470133,0.03402181937727656,10
303,exp,rl_learned,deaths,0.0,0.0,10
303,exp,rl_learned,negwealth_step_share,0.05625,0.050393895990352044,10
303,exp,rl_learned,taxes_total,12109.235646851488,523.5569977655044,10
303,exp,rl_learned,fines,98.21736892173575,40.48541911703479,10
303,exp,rl_learned,gov_purchases,11823.369470793896,611.5037395985075,10
303,exp,rl_learned,demand_injection,-78.69768432676793,7.335595385992594,10
303,exp,rl_learned,relief_paid,11.160624946012344,8.349547970966505,10
303,exp,rl_learned,newborn_grants,15112.475741982751,183.70110588561317,10
303,exp,rl_learned,unemployment_mean,0.0061463791904059605,0.0013368629741212499,10
303,exp,saez,eqprod,279.58915562687116,39.361201798425085,10
303,exp,saez,real_gdp_mean,855.0954675015797,66.4308503618809,10
303,exp,saez,one_minus_gini_mean,0.32816816749785566,0.05088180152611463,10
303,exp,saez,deaths,30.0,7.644896627453143,10
303,exp,saez,negwealth_step_share,0.9437499999999999,0.004049272149198111,10
303,exp,saez,taxes_total,60464.60151517381,2784.5080464510993,10
303,exp,saez,fines,4196.083282045028,1073.9665715430115,10
303,exp,saez,gov_purchases,64577.752452876746,2798.1043462863563,10
303,exp,saez,demand_injection,0.0,0.0,10
303,exp,saez,relief_paid,207.78398719538365,68.69952819161396,10
303,exp,saez,newborn_grants,13838.526402421616,1494.124824380479,10
303,exp,saez,unemployment_mean,0.024417794990317678,0.0033001111626020504,10
303,exp,saez+rl_aux,eqprod,204.7881002887962,12.183537403397999,10
303,exp,saez+rl_aux,real_gdp_mean,911.4199481558277,77.68856875430484,10
303,exp,saez+rl_aux,one_minus_gini_mean,0.2252786085769328,0.010008619320325037,10
303,exp,saez+rl_aux,deaths,30.0,3.1622776601683795,10
303,exp,saez+rl_aux,negwealth_step_share,0.9416666666666667,0.005196746370519345,10
303,exp,saez+rl_aux,taxes_total,59053.71052456659,2725.8133440939587,10
303,exp,saez+rl_aux,fines,3817.2071018995316,1028.2101167241358,10
303,exp,saez+rl_aux,gov_purchases,55273.740507108974,2881.0710364331903,10
303,exp,saez+rl_aux,demand_injection,-131.28745701760053,10.279986738250514,10
303,exp,saez+rl_aux,relief_paid,301.0363416552586,55.636898983192,10
303,exp,saez+rl_aux,newborn_grants,21761.35903062517,1263.8796489802046,10
303,exp,saez+rl_aux,unemployment_mean,0.027419894908719777,0.003005553328901154,10
303,exp,us_federal,eqprod,313.01550352726565,43.460695989412216,10
303,exp,us_federal,real_gdp_mean,906.4512978349328,45.73061326067198,10
303,exp,us_federal,one_minus_gini_mean,0.344411471158371,0.03694171854793759,10
303,exp,us_federal,deaths,0.1,0.31622776601683794,10
303,exp,us_federal,negwealth_step_share,0.7058333333333333,0.06975486177135427,10
303,exp,us_federal,taxes_total,9784.734272768948,364.3416681804432,10
303,exp,us_federal,fines,326.3855322373396,45.16687912059333,10
303,exp,us_federal,gov_purchases,10093.67687888044,387.2677513392139,10
303,exp,us_federal,demand_injection,0.0,0.0,10
303,exp,us_federal,relief_paid,8.949631012553878,8.927602564413432,10
303,exp,us_federal,newborn_grants,14784.26292363166,212.63225851184944,10
303,exp,us_federal,unemployment_mean,0.00613547397059107,0.0013415048878552686,10
303,exp,us_federal+rl_aux,eqprod,303.86018052481444,37.05330504834936,10
303,exp,us_federal+rl_aux,real_gdp_mean,921.3307449647069,48.00697169717912,10
303,exp,us_federal+rl_aux,one_minus_gini_mean,0.32911561395404443,0.030050783456003517,10
303,exp,us_federal+rl_aux,deaths,0.7,1.4944341180973262,10
303,exp,us_federal+rl_aux,negwealth_step_share,0.6795833333333333,0.06676641842745219,10
303,exp,us_federal+rl_aux,taxes_total,9950.041860349565,396.04216695821225,10
303,exp,us_federal+rl_aux,fines,339.15188625961144,62.71567987502165,10
303,exp,us_federal+rl_aux,gov_purchases,9052.896526431026,360.1902779201505,10
303,exp,us_federal+rl_aux,demand_injection,-81.44120531827211,8.228628149491232,10
303,exp,us_federal+rl_aux,relief_paid,15.347655854252585,13.274441021674509,10
303,exp,us_federal+rl_aux,newborn_grants,15971.020118061362,63.27541306154129,10
303,exp,us_federal+rl_aux,unemployment_mean,0.006703292162450805,0.0029786403242506743,10
