seed,iter,path,n_files,sha256_dir
42,40,be/checkpoint/final_v037_seed42/iter_40,14,67740690808dc16037d7774da60ce8714058fe6f7132a6d34e19668866401dd6
42,100,be/checkpoint/final_v037_seed42/iter_100,14,8ad0cbcd3f4f0046284bca9a6a76b8cefa67495434d85b8ec6ef43e9f7e1d8cd
202,40,be/checkpoint/final_v037_seed202/iter_40,14,94cd9fa08983dd699e3aba2bc26dd8c46fa13c4974a1dc4edd876e1b30fc94b4
202,100,be/checkpoint/final_v037_seed202/iter_100,14,fb47c8da1551968d0622974b615c036abb4ef78b42eb0e25d114d9079f2ae69d
303,40,be/checkpoint/final_v037_seed303/iter_40,14,518edbf2fc58f164acff5181832dcb62dab3065142aab6e16f29e945cfad74c1
303,100,be/checkpoint/final_v037_seed303/iter_100,14,d3caadd556870d6a59cc5ef3930e5fabfad7bc9f109956e5ba4992ca49eda5a8
404,40,be/checkpoint/final_v037_seed404/iter_40,14,11a18c74dac1a1010d58bc1f34848e81ff2d7326b867954efefee53fa12f9c89
404,100,be/checkpoint/final_v037_seed404/iter_100,14,3f576228eab2d2d327adc0d6d41f07ea8825a2366b97b7c99a3a9ab30eec136d
505,40,be/checkpoint/final_v037_seed505/iter_40,14,499cdab192e642e318d4a61e8f6f590b36f070867a4836c95d0896060a9e87c4
505,100,be/checkpoint/final_v037_seed505/iter_100,14,32a0ac1daca4dae772c0c1061b1a8032792fdbb581e1cba54a6c9c0fb70649ce
606,40,be/checkpoint/final_v037_seed606/iter_40,14,ec636de317bcbd712faaff02bd548ca785726d39672e4d4029810b81b0c1196a
606,100,be/checkpoint/final_v037_seed606/iter_100,14,1a752a7496585b5b54bbf1a58c6356571450f500891c333d9fb60594afddf3ac
707,40,be/checkpoint/final_v037_seed707/iter_40,14,feff090ce07bd7d580b114315b47207f8e30b4192401cc2484d627e54a1f378c
707,100,be/checkpoint/final_v037_seed707/iter_100,14,48b505d4c412803fc0fc57102ab20b5eec33692319fbc0d5f4ec675f8fb0e159
808,40,be/checkpoint/final_v037_seed808/iter_40,14,2c501b94aa8f6da93174da09de39e98b457ee3f2cdf284a93cfa1aa4b0c66920
808,100,be/checkpoint/final_v037_seed808/iter_100,14,1dedb3aea6081413ec0ffc11035db17905f70e1e0de68a22288847aab831fbbd
909,40,be/checkpoint/final_v037_seed909/iter_40,14,59c4a5b5340c4bee22daa36a1af0a53823c3f3cd951cee6b3d36013634293759
909,100,be/checkpoint/final_v037_seed909/iter_100,14,e38de3cdd753f55a2ec54e244e44e2d5230435044aecec9268b7b78fcb02ff0b
