seed,iter,bin_lo,bin_hi,count,source_log
42,40,0.0,0.1,264,audits/paper_extras/v4_runs/gate42/gate_seed42_iter40.log
42,40,0.1,0.2,255,audits/paper_extras/v4_runs/gate42/gate_seed42_iter40.log
42,40,0.2,0.3,599,audits/paper_extras/v4_runs/gate42/gate_seed42_iter40.log
42,40,0.3,0.4,1492,audits/paper_extras/v4_runs/gate42/gate_seed42_iter40.log
42,40,0.4,0.5,4141,audits/paper_extras/v4_runs/gate42/gate_seed42_iter40.log
42,40,0.5,0.6,9236,audits/paper_extras/v4_runs/gate42/gate_seed42_iter40.log
42,40,0.6,0.7,19404,audits/paper_extras/v4_runs/gate42/gate_seed42_iter40.log
42,40,0.7,0.8,37078,audits/paper_extras/v4_runs/gate42/gate_seed42_iter40.log
42,40,0.8,0.9,57589,audits/paper_extras/v4_runs/gate42/gate_seed42_iter40.log
42,40,0.9,1.0,121620,audits/paper_extras/v4_runs/gate42/gate_seed42_iter40.log
42,100,0.0,0.1,81,audits/paper_extras/v4_runs/gate42/gate_seed42_iter100.log
42,100,0.1,0.2,50,audits/paper_extras/v4_runs/gate42/gate_seed42_iter100.log
42,100,0.2,0.3,76,audits/paper_extras/v4_runs/gate42/gate_seed42_iter100.log
42,100,0.3,0.4,107,audits/paper_extras/v4_runs/gate42/gate_seed42_iter100.log
42,100,0.4,0.5,471,audits/paper_extras/v4_runs/gate42/gate_seed42_iter100.log
42,100,0.5,0.6,18799,audits/paper_extras/v4_runs/gate42/gate_seed42_iter100.log
42,100,0.6,0.7,146485,audits/paper_extras/v4_runs/gate42/gate_seed42_iter100.log
42,100,0.7,0.8,78961,audits/paper_extras/v4_runs/gate42/gate_seed42_iter100.log
42,100,0.8,0.9,8437,audits/paper_extras/v4_runs/gate42/gate_seed42_iter100.log
42,100,0.9,1.0,424,audits/paper_extras/v4_runs/gate42/gate_seed42_iter100.log
202,40,0.0,0.1,339,audits/final_run/logs/final_v037_seed202_gate_iter40_20260929_163805.log
202,40,0.1,0.2,384,audits/final_run/logs/final_v037_seed202_gate_iter40_20260929_163805.log
202,40,0.2,0.3,794,audits/final_run/logs/final_v037_seed202_gate_iter40_20260929_163805.log
202,40,0.3,0.4,1575,audits/final_run/logs/final_v037_seed202_gate_iter40_20260929_163805.log
202,40,0.4,0.5,3411,audits/final_run/logs/final_v037_seed202_gate_iter40_20260929_163805.log
202,40,0.5,0.6,7316,audits/final_run/logs/final_v037_seed202_gate_iter40_20260929_163805.log
202,40,0.6,0.7,15754,audits/final_run/logs/final_v037_seed202_gate_iter40_20260929_163805.log
202,40,0.7,0.8,28949,audits/final_run/logs/final_v037_seed202_gate_iter40_20260929_163805.log
202,40,0.8,0.9,36198,audits/final_run/logs/final_v037_seed202_gate_iter40_20260929_163805.log
202,40,0.9,1.0,161612,audits/final_run/logs/final_v037_seed202_gate_iter40_20260929_163805.log
202,100,0.0,0.1,9,audits/final_run/logs/final_v037_seed202_final_iter100.log
202,100,0.1,0.2,2,audits/final_run/logs/final_v037_seed202_final_iter100.log
202,100,0.2,0.3,6,audits/final_run/logs/final_v037_seed202_final_iter100.log
202,100,0.3,0.4,11,audits/final_run/logs/final_v037_seed202_final_iter100.log
202,100,0.4,0.5,419,audits/final_run/logs/final_v037_seed202_final_iter100.log
202,100,0.5,0.6,12313,audits/final_run/logs/final_v037_seed202_final_iter100.log
202,100,0.6,0.7,92651,audits/final_run/logs/final_v037_seed202_final_iter100.log
202,100,0.7,0.8,108786,audits/final_run/logs/final_v037_seed202_final_iter100.log
202,100,0.8,0.9,31522,audits/final_run/logs/final_v037_seed202_final_iter100.log
202,100,0.9,1.0,6635,audits/final_run/logs/final_v037_seed202_final_iter100.log
303,40,0.0,0.1,194,audits/final_run/logs/final_v037_seed303_gate_iter40_20261001_185500.log
303,40,0.1,0.2,248,audits/final_run/logs/final_v037_seed303_gate_iter40_20261001_185500.log
303,40,0.2,0.3,563,audits/final_run/logs/final_v037_seed303_gate_iter40_20261001_185500.log
303,40,0.3,0.4,1459,audits/final_run/logs/final_v037_seed303_gate_iter40_20261001_185500.log
303,40,0.4,0.5,3338,audits/final_run/logs/final_v037_seed303_gate_iter40_20261001_185500.log
303,40,0.5,0.6,6996,audits/final_run/logs/final_v037_seed303_gate_iter40_20261001_185500.log
303,40,0.6,0.7,13976,audits/final_run/logs/final_v037_seed303_gate_iter40_20261001_185500.log
303,40,0.7,0.8,22320,audits/final_run/logs/final_v037_seed303_gate_iter40_20261001_185500.log
303,40,0.8,0.9,32370,audits/final_run/logs/final_v037_seed303_gate_iter40_20261001_185500.log
303,40,0.9,1.0,164199,audits/final_run/logs/final_v037_seed303_gate_iter40_20261001_185500.log
303,100,0.0,0.1,4,audits/final_run/logs/final_v037_seed303_final_iter100.log
303,100,0.1,0.2,11,audits/final_run/logs/final_v037_seed303_final_iter100.log
303,100,0.2,0.3,30,audits/final_run/logs/final_v037_seed303_final_iter100.log
303,100,0.3,0.4,58,audits/final_run/logs/final_v037_seed303_final_iter100.log
303,100,0.4,0.5,759,audits/final_run/logs/final_v037_seed303_final_iter100.log
303,100,0.5,0.6,18626,audits/final_run/logs/final_v037_seed303_final_iter100.log
303,100,0.6,0.7,104189,audits/final_run/logs/final_v037_seed303_final_iter100.log
303,100,0.7,0.8,109749,audits/final_run/logs/final_v037_seed303_final_iter100.log
303,100,0.8,0.9,22977,audits/final_run/logs/final_v037_seed303_final_iter100.log
303,100,0.9,1.0,3941,audits/final_run/logs/final_v037_seed303_final_iter100.log
404,40,0.0,0.1,186,audits/paper_extras/extra_seeds/gate_seed404_iter40.log
404,40,0.1,0.2,267,audits/paper_extras/extra_seeds/gate_seed404_iter40.log
404,40,0.2,0.3,717,audits/paper_extras/extra_seeds/gate_seed404_iter40.log
404,40,0.3,0.4,1743,audits/paper_extras/extra_seeds/gate_seed404_iter40.log
404,40,0.4,0.5,4196,audits/paper_extras/extra_seeds/gate_seed404_iter40.log
404,40,0.5,0.6,9668,audits/paper_extras/extra_seeds/gate_seed404_iter40.log
404,40,0.6,0.7,19890,audits/paper_extras/extra_seeds/gate_seed404_iter40.log
404,40,0.7,0.8,37651,audits/paper_extras/extra_seeds/gate_seed404_iter40.log
404,40,0.8,0.9,81759,audits/paper_extras/extra_seeds/gate_seed404_iter40.log
404,40,0.9,1.0,93636,audits/paper_extras/extra_seeds/gate_seed404_iter40.log
404,100,0.0,0.1,0,audits/paper_extras/extra_seeds/gate_seed404_iter100.log
404,100,0.1,0.2,0,audits/paper_extras/extra_seeds/gate_seed404_iter100.log
404,100,0.2,0.3,0,audits/paper_extras/extra_seeds/gate_seed404_iter100.log
404,100,0.3,0.4,6,audits/paper_extras/extra_seeds/gate_seed404_iter100.log
404,100,0.4,0.5,533,audits/paper_extras/extra_seeds/gate_seed404_iter100.log
404,100,0.5,0.6,12802,audits/paper_extras/extra_seeds/gate_seed404_iter100.log
404,100,0.6,0.7,77998,audits/paper_extras/extra_seeds/gate_seed404_iter100.log
404,100,0.7,0.8,123554,audits/paper_extras/extra_seeds/gate_seed404_iter100.log
404,100,0.8,0.9,30992,audits/paper_extras/extra_seeds/gate_seed404_iter100.log
404,100,0.9,1.0,5279,audits/paper_extras/extra_seeds/gate_seed404_iter100.log
505,40,0.0,0.1,143,audits/paper_extras/extra_seeds/gate_seed505_iter40.log
505,40,0.1,0.2,230,audits/paper_extras/extra_seeds/gate_seed505_iter40.log
505,40,0.2,0.3,711,audits/paper_extras/extra_seeds/gate_seed505_iter40.log
505,40,0.3,0.4,1969,audits/paper_extras/extra_seeds/gate_seed505_iter40.log
505,40,0.4,0.5,5572,audits/paper_extras/extra_seeds/gate_seed505_iter40.log
505,40,0.5,0.6,12664,audits/paper_extras/extra_seeds/gate_seed505_iter40.log
505,40,0.6,0.7,23622,audits/paper_extras/extra_seeds/gate_seed505_iter40.log
505,40,0.7,0.8,39043,audits/paper_extras/extra_seeds/gate_seed505_iter40.log
505,40,0.8,0.9,89144,audits/paper_extras/extra_seeds/gate_seed505_iter40.log
505,40,0.9,1.0,73880,audits/paper_extras/extra_seeds/gate_seed505_iter40.log
505,100,0.0,0.1,0,audits/paper_extras/extra_seeds/gate_seed505_iter100.log
505,100,0.1,0.2,0,audits/paper_extras/extra_seeds/gate_seed505_iter100.log
505,100,0.2,0.3,4,audits/paper_extras/extra_seeds/gate_seed505_iter100.log
505,100,0.3,0.4,14,audits/paper_extras/extra_seeds/gate_seed505_iter100.log
505,100,0.4,0.5,491,audits/paper_extras/extra_seeds/gate_seed505_iter100.log
505,100,0.5,0.6,21270,audits/paper_extras/extra_seeds/gate_seed505_iter100.log
505,100,0.6,0.7,128739,audits/paper_extras/extra_seeds/gate_seed505_iter100.log
505,100,0.7,0.8,83034,audits/paper_extras/extra_seeds/gate_seed505_iter100.log
505,100,0.8,0.9,13837,audits/paper_extras/extra_seeds/gate_seed505_iter100.log
505,100,0.9,1.0,1583,audits/paper_extras/extra_seeds/gate_seed505_iter100.log
606,40,0.0,0.1,328,audits/paper_extras/extra_seeds/gate_seed606_iter40.log
606,40,0.1,0.2,391,audits/paper_extras/extra_seeds/gate_seed606_iter40.log
606,40,0.2,0.3,873,audits/paper_extras/extra_seeds/gate_seed606_iter40.log
606,40,0.3,0.4,2281,audits/paper_extras/extra_seeds/gate_seed606_iter40.log
606,40,0.4,0.5,5874,audits/paper_extras/extra_seeds/gate_seed606_iter40.log
606,40,0.5,0.6,12990,audits/paper_extras/extra_seeds/gate_seed606_iter40.log
606,40,0.6,0.7,24646,audits/paper_extras/extra_seeds/gate_seed606_iter40.log
606,40,0.7,0.8,39734,audits/paper_extras/extra_seeds/gate_seed606_iter40.log
606,40,0.8,0.9,82072,audits/paper_extras/extra_seeds/gate_seed606_iter40.log
606,40,0.9,1.0,74708,audits/paper_extras/extra_seeds/gate_seed606_iter40.log
606,100,0.0,0.1,34,audits/paper_extras/extra_seeds/gate_seed606_iter100.log
606,100,0.1,0.2,13,audits/paper_extras/extra_seeds/gate_seed606_iter100.log
606,100,0.2,0.3,36,audits/paper_extras/extra_seeds/gate_seed606_iter100.log
606,100,0.3,0.4,44,audits/paper_extras/extra_seeds/gate_seed606_iter100.log
606,100,0.4,0.5,973,audits/paper_extras/extra_seeds/gate_seed606_iter100.log
606,100,0.5,0.6,32921,audits/paper_extras/extra_seeds/gate_seed606_iter100.log
606,100,0.6,0.7,157719,audits/paper_extras/extra_seeds/gate_seed606_iter100.log
606,100,0.7,0.8,53424,audits/paper_extras/extra_seeds/gate_seed606_iter100.log
606,100,0.8,0.9,7751,audits/paper_extras/extra_seeds/gate_seed606_iter100.log
606,100,0.9,1.0,939,audits/paper_extras/extra_seeds/gate_seed606_iter100.log
707,40,0.0,0.1,673,audits/paper_extras/extra_seeds/gate_seed707_iter40.log
707,40,0.1,0.2,537,audits/paper_extras/extra_seeds/gate_seed707_iter40.log
707,40,0.2,0.3,917,audits/paper_extras/extra_seeds/gate_seed707_iter40.log
707,40,0.3,0.4,1700,audits/paper_extras/extra_seeds/gate_seed707_iter40.log
707,40,0.4,0.5,3884,audits/paper_extras/extra_seeds/gate_seed707_iter40.log
707,40,0.5,0.6,9924,audits/paper_extras/extra_seeds/gate_seed707_iter40.log
707,40,0.6,0.7,22356,audits/paper_extras/extra_seeds/gate_seed707_iter40.log
707,40,0.7,0.8,39153,audits/paper_extras/extra_seeds/gate_seed707_iter40.log
707,40,0.8,0.9,93140,audits/paper_extras/extra_seeds/gate_seed707_iter40.log
707,40,0.9,1.0,77485,audits/paper_extras/extra_seeds/gate_seed707_iter40.log
707,100,0.0,0.1,1,audits/paper_extras/extra_seeds/gate_seed707_iter100.log
707,100,0.1,0.2,0,audits/paper_extras/extra_seeds/gate_seed707_iter100.log
707,100,0.2,0.3,11,audits/paper_extras/extra_seeds/gate_seed707_iter100.log
707,100,0.3,0.4,70,audits/paper_extras/extra_seeds/gate_seed707_iter100.log
707,100,0.4,0.5,852,audits/paper_extras/extra_seeds/gate_seed707_iter100.log
707,100,0.5,0.6,34328,audits/paper_extras/extra_seeds/gate_seed707_iter100.log
707,100,0.6,0.7,125785,audits/paper_extras/extra_seeds/gate_seed707_iter100.log
707,100,0.7,0.8,71331,audits/paper_extras/extra_seeds/gate_seed707_iter100.log
707,100,0.8,0.9,14186,audits/paper_extras/extra_seeds/gate_seed707_iter100.log
707,100,0.9,1.0,2900,audits/paper_extras/extra_seeds/gate_seed707_iter100.log
808,40,0.0,0.1,73,audits/paper_extras/extra_seeds/gate_seed808_iter40.log
808,40,0.1,0.2,169,audits/paper_extras/extra_seeds/gate_seed808_iter40.log
808,40,0.2,0.3,573,audits/paper_extras/extra_seeds/gate_seed808_iter40.log
808,40,0.3,0.4,1670,audits/paper_extras/extra_seeds/gate_seed808_iter40.log
808,40,0.4,0.5,4114,audits/paper_extras/extra_seeds/gate_seed808_iter40.log
808,40,0.5,0.6,8984,audits/paper_extras/extra_seeds/gate_seed808_iter40.log
808,40,0.6,0.7,16466,audits/paper_extras/extra_seeds/gate_seed808_iter40.log
808,40,0.7,0.8,28729,audits/paper_extras/extra_seeds/gate_seed808_iter40.log
808,40,0.8,0.9,34014,audits/paper_extras/extra_seeds/gate_seed808_iter40.log
808,40,0.9,1.0,149226,audits/paper_extras/extra_seeds/gate_seed808_iter40.log
808,100,0.0,0.1,0,audits/paper_extras/extra_seeds/gate_seed808_iter100.log
808,100,0.1,0.2,0,audits/paper_extras/extra_seeds/gate_seed808_iter100.log
808,100,0.2,0.3,2,audits/paper_extras/extra_seeds/gate_seed808_iter100.log
808,100,0.3,0.4,4,audits/paper_extras/extra_seeds/gate_seed808_iter100.log
808,100,0.4,0.5,374,audits/paper_extras/extra_seeds/gate_seed808_iter100.log
808,100,0.5,0.6,26153,audits/paper_extras/extra_seeds/gate_seed808_iter100.log
808,100,0.6,0.7,140826,audits/paper_extras/extra_seeds/gate_seed808_iter100.log
808,100,0.7,0.8,68620,audits/paper_extras/extra_seeds/gate_seed808_iter100.log
808,100,0.8,0.9,13006,audits/paper_extras/extra_seeds/gate_seed808_iter100.log
808,100,0.9,1.0,2909,audits/paper_extras/extra_seeds/gate_seed808_iter100.log
909,40,0.0,0.1,204,audits/paper_extras/extra_seeds/gate_seed909_iter40.log
909,40,0.1,0.2,272,audits/paper_extras/extra_seeds/gate_seed909_iter40.log
909,40,0.2,0.3,834,audits/paper_extras/extra_seeds/gate_seed909_iter40.log
909,40,0.3,0.4,2355,audits/paper_extras/extra_seeds/gate_seed909_iter40.log
909,40,0.4,0.5,6858,audits/paper_extras/extra_seeds/gate_seed909_iter40.log
909,40,0.5,0.6,15856,audits/paper_extras/extra_seeds/gate_seed909_iter40.log
909,40,0.6,0.7,29763,audits/paper_extras/extra_seeds/gate_seed909_iter40.log
909,40,0.7,0.8,58803,audits/paper_extras/extra_seeds/gate_seed909_iter40.log
909,40,0.8,0.9,81473,audits/paper_extras/extra_seeds/gate_seed909_iter40.log
909,40,0.9,1.0,58526,audits/paper_extras/extra_seeds/gate_seed909_iter40.log
909,100,0.0,0.1,10,audits/paper_extras/extra_seeds/gate_seed909_iter100.log
909,100,0.1,0.2,21,audits/paper_extras/extra_seeds/gate_seed909_iter100.log
909,100,0.2,0.3,45,audits/paper_extras/extra_seeds/gate_seed909_iter100.log
909,100,0.3,0.4,87,audits/paper_extras/extra_seeds/gate_seed909_iter100.log
909,100,0.4,0.5,609,audits/paper_extras/extra_seeds/gate_seed909_iter100.log
909,100,0.5,0.6,17100,audits/paper_extras/extra_seeds/gate_seed909_iter100.log
909,100,0.6,0.7,131265,audits/paper_extras/extra_seeds/gate_seed909_iter100.log
909,100,0.7,0.8,94036,audits/paper_extras/extra_seeds/gate_seed909_iter100.log
909,100,0.8,0.9,10075,audits/paper_extras/extra_seeds/gate_seed909_iter100.log
909,100,0.9,1.0,293,audits/paper_extras/extra_seeds/gate_seed909_iter100.log
