source,column,definition,real_or_nominal,population,file_line
benchmark JSON (bench-v1),gdp,"TB theo MOI buoc trong episode cua gov.current_real_gdp; current_real_gdp = (doanh thu cong nghiep + phi chinh thuc) / (actual_living_cost / initial_living_cost)",thuc,toan nen kinh te,be/benchmark.py:241;be/benchmark.py:315;be/rule_engine.py:1725-1726
benchmark JSON (bench-v1),gini,"TB theo MOI buoc cua gov.current_gini = Gini tai san (tien mat + tien gui; KHONG tru no) tinh tien w-min+1e-5 khi co am; chuan hoa theo N",-,Employee ACTIVE/INITIALIZED khong chet trong buoc,be/benchmark.py:242;be/benchmark.py:316;be/rule_engine.py:1710-1716;be/rule_engine.py:1750-1768
aggregate_benchmark.py / aggregate_flat_sweep.py,eq_x_prod (moi episode),"gdp_ep x (1 - gini_ep): TICH cua hai trung binh theo buoc trong episode (KHONG phai TB cua tich tung buoc); sau do IQM/bootstrap qua episode va seed",thuc,-,audits/final_run/aggregate_benchmark.py:36-38
benchmark JSON (bench-v1),eq_x_prod_arm,"TB(gdp_ep qua episode) x (1 - TB(gini_ep qua episode)) - 'tich cac trung binh' in tren man hinh; KHONG dung trong khoa luan",thuc,-,be/benchmark.py:319-323
benchmark JSON (bench-v1),deaths,"gov.dead_citizens_count cuoi episode = TONG so ca chet trong episode (moi nguyen nhan, ke ca tuoi gia)",-,Employee,be/benchmark.py:258
benchmark JSON (bench-v1),unemp,"TB theo MOI buoc cua ty le Employee ACTIVE khong co viec",-,Employee ACTIVE,be/benchmark.py:243-244
benchmark JSON (bench-v1),neg_wealth_step_share,"ty le buoc co min(tien mat + tien gui) < 0 trong Employee ACTIVE",-,Employee ACTIVE,be/benchmark.py:250-251
benchmark JSON (bench-v1),"tax, fines, purchases, relief_paid, injection","TONG theo buoc trong episode cua gov.last_* (danh nghia); thue = tong TNCN + DN (khong tach)",danh nghia,-,be/benchmark.py:245-249
benchmark JSON (bench-v1),newborn_outflow,"env.treasury_outflow_newborn_episode: tong chi Kho bac cho tre so sinh trong episode",danh nghia,-,be/benchmark.py:256
bench-v2.1 JSON,"gini_model_recomputed_mean, gp_wealth_mean, gp_net_wealth_mean, gp_consumption_mean","TB theo MOI buoc; gp_wealth tinh tren DUNG mang tai san rule_engine dua vao Gini; net_wealth va consumption doc sau buoc",-,nhu gini,audits/paper_extras/benchmark_v2.py (StepRecorder)
bench-v2.1 *_steps.csv.gz,moi cot,"gia tri TUNG BUOC (khong lay TB); real_gdp thuc, nominal_gdp danh nghia, price = eco.base_living_cost",ca hai (ghi ro tung cot),-,audits/paper_extras/benchmark_v2.py (StepRecorder._step)
gate_eval.py,effort (TB / ty le <0.5 / histogram),"action[0] THO cua policy (truoc khi env cat) cua moi Employee DANG CO VIEC, moi buoc, gop 13 episode: 3 tat dinh (seed 999/1001/1002) + 10 lay mau (2001-2010); suy luan tung tac tu; histogram 10 bin tren [0,1] (gia tri ngoai [0,1] bi loai khoi histogram)",-,Employee co viec,audits/final_run/gate_eval.py:98;audits/final_run/gate_eval.py:114-125;audits/final_run/gate_eval.py:159-160
gate_eval.py,deaths_det / deaths_exp,"so ca chet moi episode (240 buoc) cua 3 episode tat dinh / 10 episode lay mau",-,Employee,audits/final_run/gate_eval.py:154
progress.csv / learning_curves.csv,episode_reward_mean,"RLlib: TB qua cac episode xong trong iteration cua TONG reward MOI tac tu trong episode (reward da nhan reward_scale va clip cua env); policy LAY MAU",-,moi tac tu,RLlib 2.34 env_runners; be/env.py:492-495
progress.csv / learning_curves.csv,reward_<policy>,"RLlib policy_reward_mean: TB return moi tac tu-episode cua policy do",-,tac tu cua policy,RLlib 2.34
progress.csv / learning_curves.csv,"vf_explained_var, kl, entropy","learner_stats cua tung policy o iteration do (RLlib PPO)",-,-,RLlib 2.34 info/learner
[TRAIN] (be/main.py),Reward,"= episode_return_mean (nhu episode_reward_mean)",-,moi tac tu,be/main.py:286
[TRAIN] (be/main.py),Emp / Firm,"TB theo MOI buoc trong episode (on_episode_end), roi TB qua episode cua iteration",-,ACTIVE,be/rllib_wrapper.py:227-235;be/main.py:289-290
[TRAIN] (be/main.py),"Unemp, GDP, Gini, Infl, Wage, Treasury, Reserves, NPL, Births","GIA TRI BUOC CUOI episode (callback ghi de moi buoc), roi TB qua episode; GDP = gov.current_gdp DANH NGHIA; Births = births_this_step buoc cuoi",GDP danh nghia,-,be/rllib_wrapper.py:162-217;be/main.py:291-300
[TRAIN] (be/main.py),"Deaths/ep, EmBirths/ep","so dem tich luy tai buoc cuoi = TONG trong episode (dung la tong episode)",-,Employee,be/rllib_wrapper.py:218-220;be/main.py:301-302
