seed,iter,source_log,c1_effort_mean,c1_low_share_pct,c1_threshold,c1,c2_wage0_max_by_window_pct,c2,c3_deaths_det,c3_deaths_exp,c3_struct32_det,c3_struct32_exp,c3_classifier_hires_violations,c3_original,c3_split,c3_mode_used,c4_gov_sensitivity,c4_n_tools_gt_0.05,c4,c5_sfc_max,c5,c6_births_max,c6_emergency_mean,c6,c7_detail,c7,gate_result,script,retries,overrides,train_hours_wallclock,train_code_commit,checkpoint_sha256
42,40,audits/paper_extras/v4_runs/gate42/gate_seed42_iter40.log,0.854,2.7,TB>=0.5 & <0.5 <=15%,DAT,"[0.0, 0.0, 0.0, 0.0, 0.0]",DAT,"[0, 0, 3]","[0, 0, 0, 0, 0, 0, 0, 0, 0, 0]","[0, 0, 3]","[0, 0, 0, 0, 0, 0, 0, 0, 0, 0]",1222/0,KHONG DAT,DAT,split,"{'wtax': 0.0, 'ftax': 0.043, 'rho': 0.028, 'inj': 0.142, 'relief': 0.266}",2,DAT,3.51e-10,DAT,0.317,0.00,DAT,"673 buoc co nguoi du dieu kien / 3120 buoc; vi pham min(yeu cau, Kho bac con lai)=0; bi chan du con tien=0; tong yeu cau=1399.7, tong thuc chi=1392.8",DAT,PASS,"thu cong (truoc khi co run_seed_with_gate.py) + gate_eval.py; cong iter 40 luc do che do original: TRUOT (#31 -> sua v0.37, chay lai tu dau; lan 2 TRUOT do #32) -> nguoi dung chon (A) chap nhan han che, chay tiep tu iter_50; cong o day CHAY LAI 08/10 tren checkpoint dong bang",0,"1 (quyet dinh A, 2026-09-28)","7.18 (iter 1-53: 3.87 h, dung 1-50; iter 51-100: 3.31 h)",ed57a19,67740690808dc16037d7774da60ce8714058fe6f7132a6d34e19668866401dd6
42,100,audits/paper_extras/v4_runs/gate42/gate_seed42_iter100.log,0.681,0.3,TB>=0.5 & <0.5 <=15%,DAT,"[0.0, 0.0, 0.0, 0.0, 0.0]",DAT,"[0, 0, 0]","[0, 0, 0, 0, 0, 0, 0, 0, 0, 0]","[0, 0, 0]","[0, 0, 0, 0, 0, 0, 0, 0, 0, 0]",878/0,DAT,DAT,split,"{'wtax': 0.0, 'ftax': 0.056, 'rho': 0.125, 'inj': 0.069, 'relief': 0.36}",4,DAT,3.16e-10,DAT,0.296,0.00,DAT,"102 buoc co nguoi du dieu kien / 3120 buoc; vi pham min(yeu cau, Kho bac con lai)=0; bi chan du con tien=0; tong yeu cau=421.5, tong thuc chi=421.5",DAT,PASS,"thu cong (truoc khi co run_seed_with_gate.py) + gate_eval.py; cong iter 40 luc do che do original: TRUOT (#31 -> sua v0.37, chay lai tu dau; lan 2 TRUOT do #32) -> nguoi dung chon (A) chap nhan han che, chay tiep tu iter_50; cong o day CHAY LAI 08/10 tren checkpoint dong bang",0,"1 (quyet dinh A, 2026-09-28)","7.18 (iter 1-53: 3.87 h, dung 1-50; iter 51-100: 3.31 h)",ed57a19,8ad0cbcd3f4f0046284bca9a6a76b8cefa67495434d85b8ec6ef43e9f7e1d8cd
202,40,audits/final_run/logs/final_v037_seed202_gate_iter40_20260929_163805.log,0.882,2.5,TB>=0.5 & <0.5 <=15%,DAT,"[0.0, 0.0, 0.0, 0.0, 0.0]",DAT,"[0, 0, 2]","[0, 0, 0, 0, 0, 0, 0, 0, 0, 0]","[0, 0, 2]","[0, 0, 0, 0, 0, 0, 0, 0, 0, 0]",1185/0,KHONG DAT,DAT,split,"{'wtax': 0.131, 'ftax': 0.071, 'rho': 0.285, 'inj': 0.068, 'relief': 0.654}",5,DAT,2.97e-10,DAT,0.312,0.00,DAT,"446 buoc co nguoi du dieu kien / 3120 buoc; vi pham min(yeu cau, Kho bac con lai)=0; bi chan du con tien=0; tong yeu cau=543.1, tong thuc chi=532.0",DAT,PASS,run_seed_with_gate.py --c3-mode split (dung khi cong truot),0 (lan 1 DAT),0,5.25,ed57a19/9572b16 (be/ giong nhau),94cd9fa08983dd699e3aba2bc26dd8c46fa13c4974a1dc4edd876e1b30fc94b4
202,100,audits/final_run/logs/final_v037_seed202_final_iter100.log,0.722,0.2,TB>=0.5 & <0.5 <=15%,DAT,"[0.0, 0.0, 0.0, 0.0, 0.0]",DAT,"[0, 0, 0]","[0, 0, 0, 0, 0, 0, 0, 0, 0, 0]","[0, 0, 0]","[0, 0, 0, 0, 0, 0, 0, 0, 0, 0]",772/0,DAT,DAT,split,"{'wtax': 0.0, 'ftax': 0.184, 'rho': 0.094, 'inj': 0.136, 'relief': 0.648}",4,DAT,2.69e-10,DAT,0.283,0.00,DAT,"48 buoc co nguoi du dieu kien / 3120 buoc; vi pham min(yeu cau, Kho bac con lai)=0; bi chan du con tien=0; tong yeu cau=105.3, tong thuc chi=105.3",DAT,PASS,run_seed_with_gate.py --c3-mode split (dung khi cong truot),0 (lan 1 DAT),0,5.25,ed57a19/9572b16 (be/ giong nhau),fb47c8da1551968d0622974b615c036abb4ef78b42eb0e25d114d9079f2ae69d
303,40,audits/final_run/logs/final_v037_seed303_gate_iter40_20261001_185500.log,0.901,2.4,TB>=0.5 & <0.5 <=15%,DAT,"[0.0, 0.0, 0.0, 0.0, 0.0]",DAT,"[0, 0, 0]","[0, 0, 0, 0, 0, 0, 0, 0, 0, 0]","[0, 0, 0]","[0, 0, 0, 0, 0, 0, 0, 0, 0, 0]",1068/0,DAT,DAT,split,"{'wtax': 0.0, 'ftax': 0.229, 'rho': 0.412, 'inj': 0.035, 'relief': 0.396}",3,DAT,3.78e-10,DAT,0.300,0.00,DAT,"621 buoc co nguoi du dieu kien / 3120 buoc; vi pham min(yeu cau, Kho bac con lai)=0; bi chan du con tien=0; tong yeu cau=501.8, tong thuc chi=498.6",DAT,PASS,"run_seed_with_gate.py --c3-mode split; goi lan 2 sau khi xong -> chay lai danh gia cuoi iter_100 (ghi de file final, checkpoint khong doi)",0 (lan 1 DAT),0,5.19,9572b16,518edbf2fc58f164acff5181832dcb62dab3065142aab6e16f29e945cfad74c1
303,100,audits/final_run/logs/final_v037_seed303_final_iter100.log,0.705,0.3,TB>=0.5 & <0.5 <=15%,DAT,"[0.0, 0.0, 0.0, 0.0, 0.0]",DAT,"[0, 0, 5]","[0, 0, 0, 0, 0, 0, 0, 0, 0, 0]","[0, 0, 5]","[0, 0, 0, 0, 0, 0, 0, 0, 0, 0]",926/0,KHONG DAT,DAT,split,"{'wtax': 0.0, 'ftax': 0.171, 'rho': 0.208, 'inj': 0.064, 'relief': 0.172}",4,DAT,3.60e-10,DAT,0.279,0.00,DAT,"144 buoc co nguoi du dieu kien / 3120 buoc; vi pham min(yeu cau, Kho bac con lai)=0; bi chan du con tien=0; tong yeu cau=143.4, tong thuc chi=143.4",DAT,PASS,"run_seed_with_gate.py --c3-mode split; goi lan 2 sau khi xong -> chay lai danh gia cuoi iter_100 (ghi de file final, checkpoint khong doi)",0 (lan 1 DAT),0,5.19,9572b16,d3caadd556870d6a59cc5ef3930e5fabfad7bc9f109956e5ba4992ca49eda5a8
404,40,audits/paper_extras/extra_seeds/gate_seed404_iter40.log,0.846,2.8,TB>=0.5 & <0.5 <=15%,DAT,"[0.0, 0.0, 0.0, 0.0, 0.0]",DAT,"[0, 0, 0]","[0, 0, 0, 0, 0, 0, 0, 0, 0, 0]","[0, 0, 0]","[0, 0, 0, 0, 0, 0, 0, 0, 0, 0]",1140/0,DAT,DAT,split,"{'wtax': 0.103, 'ftax': 0.233, 'rho': 0.192, 'inj': 0.118, 'relief': 0.096}",5,DAT,3.13e-10,DAT,0.283,0.00,DAT,"689 buoc co nguoi du dieu kien / 3120 buoc; vi pham min(yeu cau, Kho bac con lai)=0; bi chan du con tien=0; tong yeu cau=645.9, tong thuc chi=644.9",DAT,PASS,"run_day.sh (PREREG_extra_seeds: cong chi bao cao, KHONG dung; cong chay sau huan luyen)",0,0,4.89,84d3d8a,11a18c74dac1a1010d58bc1f34848e81ff2d7326b867954efefee53fa12f9c89
404,100,audits/paper_extras/extra_seeds/gate_seed404_iter100.log,0.723,0.2,TB>=0.5 & <0.5 <=15%,DAT,"[0.0, 0.0, 0.0, 0.0, 0.0]",DAT,"[0, 0, 0]","[0, 2, 0, 0, 0, 0, 0, 0, 0, 0]","[0, 0, 0]","[0, 2, 0, 0, 0, 0, 0, 0, 0, 0]",912/0,DAT,DAT,split,"{'wtax': 0.0, 'ftax': 0.163, 'rho': 0.0, 'inj': 0.131, 'relief': 0.191}",3,DAT,3.64e-10,DAT,0.304,0.00,DAT,"67 buoc co nguoi du dieu kien / 3120 buoc; vi pham min(yeu cau, Kho bac con lai)=0; bi chan du con tien=0; tong yeu cau=65.4, tong thuc chi=62.7",DAT,PASS,"run_day.sh (PREREG_extra_seeds: cong chi bao cao, KHONG dung; cong chay sau huan luyen)",0,0,4.89,84d3d8a,3f576228eab2d2d327adc0d6d41f07ea8825a2366b97b7c99a3a9ab30eec136d
505,40,audits/paper_extras/extra_seeds/gate_seed505_iter40.log,0.822,3.5,TB>=0.5 & <0.5 <=15%,DAT,"[0.0, 0.0, 0.0, 0.0, 0.0]",DAT,"[0, 0, 0]","[0, 0, 0, 0, 0, 0, 0, 1, 0, 0]","[0, 0, 0]","[0, 0, 0, 0, 0, 0, 0, 0, 0, 0]",1203/0,DAT,DAT,split,"{'wtax': 0.011, 'ftax': 0.278, 'rho': 0.121, 'inj': 0.018, 'relief': 0.114}",3,DAT,2.86e-10,DAT,0.296,0.00,DAT,"896 buoc co nguoi du dieu kien / 3120 buoc; vi pham min(yeu cau, Kho bac con lai)=0; bi chan du con tien=0; tong yeu cau=904.8, tong thuc chi=902.7",DAT,PASS,run_day.sh,0,0,5.58,84d3d8a,499cdab192e642e318d4a61e8f6f590b36f070867a4836c95d0896060a9e87c4
505,100,audits/paper_extras/extra_seeds/gate_seed505_iter100.log,0.687,0.2,TB>=0.5 & <0.5 <=15%,DAT,"[0.0, 0.0, 0.0, 0.0, 0.0]",DAT,"[1, 0, 0]","[0, 0, 0, 0, 0, 0, 0, 0, 0, 0]","[1, 0, 0]","[0, 0, 0, 0, 0, 0, 0, 0, 0, 0]",759/0,DAT,DAT,split,"{'wtax': 0.0, 'ftax': 0.188, 'rho': 0.123, 'inj': 0.163, 'relief': 0.278}",4,DAT,2.89e-10,DAT,0.242,0.00,DAT,"136 buoc co nguoi du dieu kien / 3120 buoc; vi pham min(yeu cau, Kho bac con lai)=0; bi chan du con tien=0; tong yeu cau=86.5, tong thuc chi=86.5",DAT,PASS,run_day.sh,0,0,5.58,84d3d8a,32a0ac1daca4dae772c0c1061b1a8032792fdbb581e1cba54a6c9c0fb70649ce
606,40,audits/paper_extras/extra_seeds/gate_seed606_iter40.log,0.818,4.0,TB>=0.5 & <0.5 <=15%,DAT,"[0.0, 0.0, 0.0, 0.0, 0.0]",DAT,"[0, 0, 0]","[0, 0, 0, 0, 0, 0, 0, 0, 0, 0]","[0, 0, 0]","[0, 0, 0, 0, 0, 0, 0, 0, 0, 0]",1258/0,DAT,DAT,split,"{'wtax': 0.0, 'ftax': 0.069, 'rho': 0.257, 'inj': 0.066, 'relief': 0.333}",4,DAT,3.30e-10,DAT,0.292,0.00,DAT,"1021 buoc co nguoi du dieu kien / 3120 buoc; vi pham min(yeu cau, Kho bac con lai)=0; bi chan du con tien=0; tong yeu cau=1638.5, tong thuc chi=1595.8",DAT,PASS,run_day.sh,0,0,5.07,d072f87,ec636de317bcbd712faaff02bd548ca785726d39672e4d4029810b81b0c1196a
606,100,audits/paper_extras/extra_seeds/gate_seed606_iter100.log,0.662,0.4,TB>=0.5 & <0.5 <=15%,DAT,"[0.0, 0.0, 0.0, 0.0, 0.0]",DAT,"[0, 0, 0]","[0, 0, 0, 0, 0, 0, 0, 0, 0, 0]","[0, 0, 0]","[0, 0, 0, 0, 0, 0, 0, 0, 0, 0]",838/0,DAT,DAT,split,"{'wtax': 0.0, 'ftax': 0.23, 'rho': 0.215, 'inj': 0.046, 'relief': 0.156}",3,DAT,3.07e-10,DAT,0.279,0.00,DAT,"163 buoc co nguoi du dieu kien / 3120 buoc; vi pham min(yeu cau, Kho bac con lai)=0; bi chan du con tien=0; tong yeu cau=328.5, tong thuc chi=328.5",DAT,PASS,run_day.sh,0,0,5.07,d072f87,1a752a7496585b5b54bbf1a58c6356571450f500891c333d9fb60594afddf3ac
707,40,audits/paper_extras/extra_seeds/gate_seed707_iter40.log,0.827,3.1,TB>=0.5 & <0.5 <=15%,DAT,"[0.0, 0.0, 0.0, 0.0, 0.0]",DAT,"[0, 0, 0]","[0, 0, 0, 0, 0, 0, 0, 0, 0, 0]","[0, 0, 0]","[0, 0, 0, 0, 0, 0, 0, 0, 0, 0]",1199/0,DAT,DAT,split,"{'wtax': 0.158, 'ftax': 0.169, 'rho': 0.452, 'inj': 0.266, 'relief': 0.351}",5,DAT,3.02e-10,DAT,0.350,0.00,DAT,"492 buoc co nguoi du dieu kien / 3120 buoc; vi pham min(yeu cau, Kho bac con lai)=0; bi chan du con tien=0; tong yeu cau=587.8, tong thuc chi=581.9",DAT,PASS,run_day.sh,0,0,5.25,d072f87,feff090ce07bd7d580b114315b47207f8e30b4192401cc2484d627e54a1f378c
707,100,audits/paper_extras/extra_seeds/gate_seed707_iter100.log,0.674,0.4,TB>=0.5 & <0.5 <=15%,DAT,"[0.0, 0.0, 0.0, 0.0, 0.0]",DAT,"[0, 0, 2]","[0, 0, 0, 0, 0, 0, 0, 0, 0, 0]","[0, 0, 2]","[0, 0, 0, 0, 0, 0, 0, 0, 0, 0]",809/0,KHONG DAT,DAT,split,"{'wtax': 0.0, 'ftax': 0.334, 'rho': 0.2, 'inj': 0.264, 'relief': 0.288}",4,DAT,2.93e-10,DAT,0.271,0.00,DAT,"73 buoc co nguoi du dieu kien / 3120 buoc; vi pham min(yeu cau, Kho bac con lai)=0; bi chan du con tien=0; tong yeu cau=42.9, tong thuc chi=42.9",DAT,PASS,run_day.sh,0,0,5.25,d072f87,48b505d4c412803fc0fc57102ab20b5eec33692319fbc0d5f4ec675f8fb0e159
808,40,audits/paper_extras/extra_seeds/gate_seed808_iter40.log,0.877,2.7,TB>=0.5 & <0.5 <=15%,DAT,"[0.0, 0.0, 0.0, 0.0, 0.0]",DAT,"[0, 0, 0]","[0, 0, 0, 0, 0, 0, 0, 1, 0, 0]","[0, 0, 0]","[0, 0, 0, 0, 0, 0, 0, 0, 0, 0]",1117/0,DAT,DAT,split,"{'wtax': 0.025, 'ftax': 0.268, 'rho': 0.407, 'inj': 0.024, 'relief': 0.313}",3,DAT,3.29e-10,DAT,0.304,0.00,DAT,"813 buoc co nguoi du dieu kien / 3120 buoc; vi pham min(yeu cau, Kho bac con lai)=0; bi chan du con tien=0; tong yeu cau=754.3, tong thuc chi=754.0",DAT,PASS,run_day.sh,0,0,4.80,e04cb35,2c501b94aa8f6da93174da09de39e98b457ee3f2cdf284a93cfa1aa4b0c66920
808,100,audits/paper_extras/extra_seeds/gate_seed808_iter100.log,0.679,0.2,TB>=0.5 & <0.5 <=15%,DAT,"[0.0, 0.0, 0.0, 0.0, 0.0]",DAT,"[0, 0, 0]","[0, 0, 0, 0, 0, 0, 0, 0, 0, 0]","[0, 0, 0]","[0, 0, 0, 0, 0, 0, 0, 0, 0, 0]",723/0,DAT,DAT,split,"{'wtax': 0.0, 'ftax': 0.113, 'rho': 0.358, 'inj': 0.062, 'relief': 0.222}",4,DAT,3.34e-10,DAT,0.237,0.00,DAT,"51 buoc co nguoi du dieu kien / 3120 buoc; vi pham min(yeu cau, Kho bac con lai)=0; bi chan du con tien=0; tong yeu cau=38.3, tong thuc chi=34.7",DAT,PASS,run_day.sh,0,0,4.80,e04cb35,1dedb3aea6081413ec0ffc11035db17905f70e1e0de68a22288847aab831fbbd
909,40,audits/paper_extras/extra_seeds/gate_seed909_iter40.log,0.792,4.1,TB>=0.5 & <0.5 <=15%,DAT,"[0.0, 0.0, 0.0, 0.0, 0.0]",DAT,"[0, 0, 0]","[0, 0, 0, 0, 0, 0, 0, 0, 0, 0]","[0, 0, 0]","[0, 0, 0, 0, 0, 0, 0, 0, 0, 0]",1391/0,DAT,DAT,split,"{'wtax': 0.011, 'ftax': 0.162, 'rho': 0.319, 'inj': 0.208, 'relief': 0.021}",3,DAT,3.08e-10,DAT,0.312,0.00,DAT,"1123 buoc co nguoi du dieu kien / 3120 buoc; vi pham min(yeu cau, Kho bac con lai)=0; bi chan du con tien=0; tong yeu cau=2116.2, tong thuc chi=2099.5",DAT,PASS,run_day.sh,0,0,5.26,e04cb35,59c4a5b5340c4bee22daa36a1af0a53823c3f3cd951cee6b3d36013634293759
909,100,audits/paper_extras/extra_seeds/gate_seed909_iter100.log,0.689,0.3,TB>=0.5 & <0.5 <=15%,DAT,"[0.0, 0.0, 0.0, 0.0, 0.0]",DAT,"[0, 0, 0]","[0, 0, 0, 0, 0, 0, 0, 0, 0, 0]","[0, 0, 0]","[0, 0, 0, 0, 0, 0, 0, 0, 0, 0]",947/0,DAT,DAT,split,"{'wtax': 0.0, 'ftax': 0.107, 'rho': 0.313, 'inj': 0.324, 'relief': 0.258}",4,DAT,2.84e-10,DAT,0.333,0.00,DAT,"44 buoc co nguoi du dieu kien / 3120 buoc; vi pham min(yeu cau, Kho bac con lai)=0; bi chan du con tien=0; tong yeu cau=28.3, tong thuc chi=28.3",DAT,PASS,run_day.sh,0,0,5.26,e04cb35,e38de3cdd753f55a2ec54e244e44e2d5230435044aecec9268b7b78fcb02ff0b
