set,n_seeds,mode,contrast,measure,mean_diff,ci_lo,ci_hi,t_lo,t_hi,seeds_rl_better,sign_flip_vs_primary,ci_contains0_changes_vs_primary,conclusion
orig3,3,det,rl_learned − free_market,primary,13.319519846654027,-5.117257024386437,31.06836052992019,-22.029831456772342,48.66887115008039,2/3,False,False,cung dau voi thuoc do chinh
orig3,3,det,rl_learned − free_market,gp_wealth,13.074795217515938,-5.711907299550591,30.75383303861151,-22.446951351526955,48.596541786558824,2/3,False,False,cung dau voi thuoc do chinh
orig3,3,det,rl_learned − free_market,gp_net_wealth,12.805667178945937,-5.849275460407453,30.662201719087875,-23.144445266925544,48.75577962481742,2/3,False,False,cung dau voi thuoc do chinh
orig3,3,det,rl_learned − free_market,gp_consumption,32.371785876280924,18.612046900270986,44.8850894452486,4.770470785655796,59.97310096690607,3/3,False,True,cung dau voi thuoc do chinh
orig3,3,det,rl_learned − us_federal,primary,84.3956499113119,66.4637440716046,105.54690826054335,45.8965295881151,122.89477023450868,3/3,False,False,cung dau voi thuoc do chinh
orig3,3,det,rl_learned − us_federal,gp_wealth,105.54478928640881,87.60535841391065,127.6314856591008,65.37209794748375,145.7174806253339,3/3,False,False,cung dau voi thuoc do chinh
orig3,3,det,rl_learned − us_federal,gp_net_wealth,114.56626193612088,91.97220059547521,143.452796294407,55.03233939595619,174.10018447628556,3/3,False,False,cung dau voi thuoc do chinh
orig3,3,det,rl_learned − us_federal,gp_consumption,41.5233272795552,33.01580696169091,50.15014901804214,33.045323530048975,50.001331029061404,3/3,False,False,cung dau voi thuoc do chinh
orig3,3,det,rl_learned − saez,primary,239.16828601005713,168.81809606927172,320.95665780641565,37.197153185467414,441.13941883464685,3/3,False,False,cung dau voi thuoc do chinh
orig3,3,det,rl_learned − saez,gp_wealth,243.33076045420236,188.28455700433432,306.11253763651956,87.2063405623353,399.4551803460693,3/3,False,False,cung dau voi thuoc do chinh
orig3,3,det,rl_learned − saez,gp_net_wealth,202.0368464798564,151.51846797386082,257.47004668960534,65.35493641407149,338.7187565456413,3/3,False,False,cung dau voi thuoc do chinh
orig3,3,det,rl_learned − saez,gp_consumption,273.2876799751569,174.63328358953098,354.6403622489391,39.86405714790283,506.71130280241084,3/3,False,False,cung dau voi thuoc do chinh
orig3,3,det,rl_learned − free_market+rl_aux,primary,18.87959672473131,1.407167738377201,38.502140476194676,-19.663046713662826,57.42224016312544,3/3,False,False,cung dau voi thuoc do chinh
orig3,3,det,rl_learned − free_market+rl_aux,gp_wealth,18.750004253180958,0.9451259546899461,38.70286076034166,-19.91889974896218,57.4189082553241,3/3,False,False,cung dau voi thuoc do chinh
orig3,3,det,rl_learned − free_market+rl_aux,gp_net_wealth,18.464873739516275,1.0149423328121767,38.62539860816482,-20.288018054651985,57.21776553368453,3/3,False,False,cung dau voi thuoc do chinh
orig3,3,det,rl_learned − free_market+rl_aux,gp_consumption,31.64462601079098,17.221062606536023,48.55770348659453,-6.274717843624391,69.56396986520636,3/3,False,False,cung dau voi thuoc do chinh
orig3,3,det,rl_learned − rl_mean_fixed,primary,9.603416881837374,-2.769197932703608,21.454740416986322,1.2886238399608345,17.918209923713913,3/3,False,False,cung dau voi thuoc do chinh
orig3,3,det,rl_learned − rl_mean_fixed,gp_wealth,9.851486003406913,-2.4219309594637126,21.80581043840167,1.8614314921810342,17.841540514632793,3/3,False,False,cung dau voi thuoc do chinh
orig3,3,det,rl_learned − rl_mean_fixed,gp_net_wealth,9.844383623298192,-2.630630159494815,21.33600635646237,1.8869755106454615,17.80179173595092,3/3,False,False,cung dau voi thuoc do chinh
orig3,3,det,rl_learned − rl_mean_fixed,gp_consumption,2.9410558072148887,-8.145922250286914,12.018197701448546,-21.872232201037168,27.754343815466942,2/3,False,False,cung dau voi thuoc do chinh
orig3,3,exp,rl_learned − free_market,primary,17.09906909118214,-6.763817856359429,44.40601913422003,-34.64929138037529,68.84742956273956,3/3,False,False,cung dau voi thuoc do chinh
orig3,3,exp,rl_learned − free_market,gp_wealth,16.84945036717165,-7.5520753177225535,44.32339376357204,-35.70564005513902,69.40454078948233,3/3,False,False,cung dau voi thuoc do chinh
orig3,3,exp,rl_learned − free_market,gp_net_wealth,16.595217905069152,-7.9730934067747565,43.654338206826885,-36.15299717561217,69.34343298575048,3/3,False,False,cung dau voi thuoc do chinh
orig3,3,exp,rl_learned − free_market,gp_consumption,39.44973676024086,23.530642736763618,55.958811244742016,9.447291154837114,69.4521823656446,3/3,False,True,cung dau voi thuoc do chinh
orig3,3,exp,rl_learned − us_federal,primary,73.30377727022535,49.39245890761778,101.23199343252575,10.6749013979342,135.93265314251647,3/3,False,False,cung dau voi thuoc do chinh
orig3,3,exp,rl_learned − us_federal,gp_wealth,92.66129120289096,66.37557324452517,122.99422318767168,20.95320311222477,164.36937929355713,3/3,False,False,cung dau voi thuoc do chinh
orig3,3,exp,rl_learned − us_federal,gp_net_wealth,101.43241854742602,72.35543768391949,137.41166413350956,19.166048811618623,183.69878828323343,3/3,False,False,cung dau voi thuoc do chinh
orig3,3,exp,rl_learned − us_federal,gp_consumption,41.208655898825526,28.676579782233272,52.07350786371266,25.557899868686214,56.85941192896484,3/3,False,False,cung dau voi thuoc do chinh
orig3,3,exp,rl_learned − saez,primary,192.7012128890259,95.59625572309116,306.7742760195884,-80.94685632725358,466.3492821053053,3/3,False,False,cung dau voi thuoc do chinh
orig3,3,exp,rl_learned − saez,gp_wealth,202.05190133458692,118.07822477296162,308.2145099367028,-43.11245815981974,447.21626082899354,3/3,False,False,cung dau voi thuoc do chinh
orig3,3,exp,rl_learned − saez,gp_net_wealth,164.40552142574464,90.06170854260749,251.01442800734836,-42.616398545365115,371.4274413968543,3/3,False,False,cung dau voi thuoc do chinh
orig3,3,exp,rl_learned − saez,gp_consumption,234.73951688717992,129.4578899475555,339.73715039319194,-31.95504199090169,501.43407576526147,3/3,False,False,cung dau voi thuoc do chinh
orig3,3,exp,rl_learned − free_market+rl_aux,primary,16.58188700602237,-7.220227539020698,41.81258369527871,-35.280820794028585,68.44459480607333,2/3,False,False,cung dau voi thuoc do chinh
orig3,3,exp,rl_learned − free_market+rl_aux,gp_wealth,16.337219073405702,-8.297485176523812,42.990560228232326,-36.38978712030543,69.06422526711683,2/3,False,False,cung dau voi thuoc do chinh
orig3,3,exp,rl_learned − free_market+rl_aux,gp_net_wealth,15.98026611801345,-8.30635022060614,42.49678552365134,-37.31373330546063,69.27426554148752,2/3,False,False,cung dau voi thuoc do chinh
orig3,3,exp,rl_learned − free_market+rl_aux,gp_consumption,37.889125685901185,22.633050118424652,54.17719173015696,7.4869600016767315,68.29129137012566,3/3,False,True,cung dau voi thuoc do chinh
orig3,3,exp,rl_learned − rl_mean_fixed,primary,5.896241087892465,-12.079593732846236,23.86944920553315,3.9567773811080347,7.8357047946768965,3/3,False,False,cung dau voi thuoc do chinh
orig3,3,exp,rl_learned − rl_mean_fixed,gp_wealth,6.248247759902065,-11.797123426389216,24.015079783272853,4.897037413085733,7.599458106718395,3/3,False,False,cung dau voi thuoc do chinh
orig3,3,exp,rl_learned − rl_mean_fixed,gp_net_wealth,6.290045310973229,-11.881161382950806,24.22038847328809,5.144763035557814,7.435327586388645,3/3,False,False,cung dau voi thuoc do chinh
orig3,3,exp,rl_learned − rl_mean_fixed,gp_consumption,1.1194795072096138,-11.292837316078074,14.042884408651775,-10.97455187534593,13.213510889765157,1/3,False,False,cung dau voi thuoc do chinh
repl6,6,det,rl_learned − free_market,primary,6.80965362117836,-3.129919818790862,19.67030794794628,-8.016238121209351,21.635545363566074,3/6,False,False,cung dau voi thuoc do chinh
repl6,6,det,rl_learned − free_market,gp_wealth,6.623865446777027,-3.375689299343673,19.530950263095644,-8.274560925720216,21.52229181927427,3/6,False,False,cung dau voi thuoc do chinh
repl6,6,det,rl_learned − free_market,gp_net_wealth,6.613947413482415,-3.24601278562479,19.213865816662715,-8.266558968601878,21.494453795566706,3/6,False,False,cung dau voi thuoc do chinh
repl6,6,det,rl_learned − free_market,gp_consumption,24.92205274404271,7.636703861828515,46.25792590528458,-2.3499766224286276,52.19408211051404,5/6,False,True,cung dau voi thuoc do chinh
repl6,6,det,rl_learned − us_federal,primary,72.34582282551142,57.31901108301873,87.2733999914582,53.32675885488612,91.36488679613669,6/6,False,False,cung dau voi thuoc do chinh
repl6,6,det,rl_learned − us_federal,gp_wealth,95.65064614325756,75.72141924590767,115.28349433821607,68.96670102348665,122.3345912630285,6/6,False,False,cung dau voi thuoc do chinh
repl6,6,det,rl_learned − us_federal,gp_net_wealth,105.2018075355178,80.76351180588951,130.79353575807696,70.75536388626806,139.64825118476762,6/6,False,False,cung dau voi thuoc do chinh
repl6,6,det,rl_learned − us_federal,gp_consumption,35.470943470223865,15.559783528544072,58.21894950433141,5.976377784518238,64.96550915592948,6/6,False,False,cung dau voi thuoc do chinh
repl6,6,det,rl_learned − saez,primary,220.1419662944388,171.5949931082912,259.8319149063242,159.46335173441315,280.8205808544645,6/6,False,False,cung dau voi thuoc do chinh
repl6,6,det,rl_learned − saez,gp_wealth,196.73051186151895,128.2962412960429,244.98789927291583,111.51618324509141,281.9448404779465,6/6,False,False,cung dau voi thuoc do chinh
repl6,6,det,rl_learned − saez,gp_net_wealth,183.88397331111764,125.58704266981714,226.13245433663624,109.35714254093165,258.41080408130364,6/6,False,False,cung dau voi thuoc do chinh
repl6,6,det,rl_learned − saez,gp_consumption,278.4158659364296,257.54145081146294,300.25469438269727,250.73648347170658,306.09524840115273,6/6,False,False,cung dau voi thuoc do chinh
repl6,6,det,rl_learned − free_market+rl_aux,primary,7.439020000350031,-3.9992726862230623,20.914834406213274,-9.445003827526278,24.32304382822634,3/6,False,False,cung dau voi thuoc do chinh
repl6,6,det,rl_learned − free_market+rl_aux,gp_wealth,7.261433643313763,-4.249251054886596,20.69700965050469,-9.619962891807841,24.14283017843537,3/6,False,False,cung dau voi thuoc do chinh
repl6,6,det,rl_learned − free_market+rl_aux,gp_net_wealth,7.259132579609343,-4.164375443060514,20.775795234889667,-9.609461154214483,24.12772631343317,3/6,False,False,cung dau voi thuoc do chinh
repl6,6,det,rl_learned − free_market+rl_aux,gp_consumption,27.72809876679775,5.238446671522024,58.787967998510176,-11.209866112452733,66.66606364604824,5/6,False,True,cung dau voi thuoc do chinh
repl6,6,det,rl_learned − rl_mean_fixed,primary,-1.9190961056787965,-12.475720534949776,8.396191844308785,-14.06329895616474,10.22510674480715,4/6,False,False,cung dau voi thuoc do chinh
repl6,6,det,rl_learned − rl_mean_fixed,gp_wealth,-1.9004206586016494,-13.004578782154093,8.364678023426785,-14.290276038318714,10.489434721115414,4/6,False,False,cung dau voi thuoc do chinh
repl6,6,det,rl_learned − rl_mean_fixed,gp_net_wealth,-1.8834076888265276,-12.781333691157947,8.483735015045083,-14.312621305280572,10.545805927627516,4/6,False,False,cung dau voi thuoc do chinh
repl6,6,det,rl_learned − rl_mean_fixed,gp_consumption,2.2661025213814656,-4.342504596623897,9.601629664899749,-5.924018314876616,10.456223357639548,3/6,True,False,ket qua phu thuoc vao thuoc do bat binh dang
repl6,6,exp,rl_learned − free_market,primary,2.9211409036519447,-9.676276613323713,15.071869210686568,-10.652313899377274,16.49459570668116,4/6,False,False,cung dau voi thuoc do chinh
repl6,6,exp,rl_learned − free_market,gp_wealth,2.5881902355382644,-10.133349194394032,14.87832300521112,-11.111746648034737,16.288127119111266,4/6,False,False,cung dau voi thuoc do chinh
repl6,6,exp,rl_learned − free_market,gp_net_wealth,2.487741341445557,-10.316016748770203,14.840066413248033,-11.324528580425332,16.300011263316442,4/6,False,False,cung dau voi thuoc do chinh
repl6,6,exp,rl_learned − free_market,gp_consumption,25.46066577142486,12.211201137468787,40.07598544113345,6.8540186659153655,44.06731287693435,6/6,False,True,cung dau voi thuoc do chinh
repl6,6,exp,rl_learned − us_federal,primary,64.66103725715202,53.157629942959964,76.5528706602858,52.787953313573645,76.53412120073038,6/6,False,False,cung dau voi thuoc do chinh
repl6,6,exp,rl_learned − us_federal,gp_wealth,84.77796732869633,69.89696226409318,97.83667275643731,67.93180147206155,101.62413318533112,6/6,False,False,cung dau voi thuoc do chinh
repl6,6,exp,rl_learned − us_federal,gp_net_wealth,93.10191855712439,75.22633246391283,108.27603682532927,71.9990165485749,114.20482056567388,6/6,False,False,cung dau voi thuoc do chinh
repl6,6,exp,rl_learned − us_federal,gp_consumption,27.752180108568837,13.284212236186033,44.230883593776035,6.933260456620854,48.571099760516816,6/6,False,False,cung dau voi thuoc do chinh
repl6,6,exp,rl_learned − saez,primary,187.08367023741292,145.86615873347571,222.09714465455383,135.503214008525,238.66412646630084,6/6,False,False,cung dau voi thuoc do chinh
repl6,6,exp,rl_learned − saez,gp_wealth,169.51088580718118,124.78607589758018,212.30397543008354,109.36387100166976,229.65790061269266,6/6,False,False,cung dau voi thuoc do chinh
repl6,6,exp,rl_learned − saez,gp_net_wealth,155.8215003749603,120.1896992043006,192.1911387511635,106.01192951442563,205.63107123549491,6/6,False,False,cung dau voi thuoc do chinh
repl6,6,exp,rl_learned − saez,gp_consumption,243.74542693225843,215.1934898223875,275.417230283045,201.45849763787206,286.03235622664477,6/6,False,False,cung dau voi thuoc do chinh
repl6,6,exp,rl_learned − free_market+rl_aux,primary,3.2027475634061346,-10.734358780627646,16.426373306404315,-12.664936852944251,19.07043197975652,4/6,False,False,cung dau voi thuoc do chinh
repl6,6,exp,rl_learned − free_market+rl_aux,gp_wealth,2.874583266294989,-10.900153677220118,16.29699902232298,-13.07110795573621,18.820274488326188,4/6,False,False,cung dau voi thuoc do chinh
repl6,6,exp,rl_learned − free_market+rl_aux,gp_net_wealth,2.695111581021275,-10.863800622940367,16.1762219750334,-13.216833095374213,18.60705625741676,4/6,False,False,cung dau voi thuoc do chinh
repl6,6,exp,rl_learned − free_market+rl_aux,gp_consumption,26.002215610482224,9.389292065781603,44.87161847912075,1.264381723600458,50.74004949736399,5/6,False,True,cung dau voi thuoc do chinh
repl6,6,exp,rl_learned − rl_mean_fixed,primary,-0.28745572052163293,-14.55913481693224,13.349964401814676,-12.981329171895423,12.406417730852157,3/6,False,False,cung dau voi thuoc do chinh
repl6,6,exp,rl_learned − rl_mean_fixed,gp_wealth,-0.06816994326639,-14.464119753327969,13.59295703594849,-12.997090100700637,12.860750214167856,3/6,False,False,cung dau voi thuoc do chinh
repl6,6,exp,rl_learned − rl_mean_fixed,gp_net_wealth,-0.012620171291769112,-14.216193775580527,13.440317254423793,-13.038354660877552,13.013114318294015,3/6,False,False,cung dau voi thuoc do chinh
repl6,6,exp,rl_learned − rl_mean_fixed,gp_consumption,-0.45450015931871235,-10.731010565355657,8.76900536594225,-8.443477674052284,7.534477355414859,3/6,False,False,cung dau voi thuoc do chinh
all9,9,det,rl_learned − free_market,primary,8.979609029670248,-0.2714021854781921,19.127980371070066,-1.5024772123520833,19.461695271692584,5/9,False,False,cung dau voi thuoc do chinh
all9,9,det,rl_learned − free_market,gp_wealth,8.774175370356664,-0.779469905289607,19.22648283256049,-1.7508755907236448,19.299226331436973,5/9,False,False,cung dau voi thuoc do chinh
all9,9,det,rl_learned − free_market,gp_net_wealth,8.677854001970255,-0.8857231759135245,19.382984919415613,-1.8505146471302112,19.206222651070718,5/9,False,False,cung dau voi thuoc do chinh
all9,9,det,rl_learned − free_market,gp_consumption,27.40529712145545,14.18436246368535,41.99274506689053,10.797323558019329,44.013270684891566,8/9,False,True,cung dau voi thuoc do chinh
all9,9,det,rl_learned − us_federal,primary,76.36243185411156,63.99390252730082,88.98265804687895,63.01266918656152,89.71219452166162,9/9,False,False,cung dau voi thuoc do chinh
all9,9,det,rl_learned − us_federal,gp_wealth,98.9486938576413,83.8298613622508,114.30688702611316,81.86530975407909,116.03207796120354,9/9,False,False,cung dau voi thuoc do chinh
all9,9,det,rl_learned − us_federal,gp_net_wealth,108.32329233571883,89.49957438523876,127.71014797312525,86.05994809061669,130.58663658082097,9/9,False,False,cung dau voi thuoc do chinh
all9,9,det,rl_learned − us_federal,gp_consumption,37.488404740000966,23.42125510209189,52.81729324245267,20.20178755594542,54.77502192405652,9/9,False,False,cung dau voi thuoc do chinh
all9,9,det,rl_learned − saez,primary,226.48407286631166,186.43554239413447,264.89599802855247,178.89746384820538,274.0706818844178,9/9,False,False,cung dau voi thuoc do chinh
all9,9,det,rl_learned − saez,gp_wealth,212.26392805908006,159.7408277759665,253.73518509795204,154.47923229186995,270.04862382629017,9/9,False,False,cung dau voi thuoc do chinh
all9,9,det,rl_learned − saez,gp_net_wealth,189.9349310340305,145.67865734860996,225.20072572375338,141.37306726824005,238.49679479982103,9/9,False,False,cung dau voi thuoc do chinh
all9,9,det,rl_learned − saez,gp_consumption,276.7064706160054,242.94657487543913,307.1593107485636,237.14617814700196,316.2667630850087,9/9,False,False,cung dau voi thuoc do chinh
all9,9,det,rl_learned − free_market+rl_aux,primary,11.25254557514379,0.8131395792391566,22.853238592115545,-1.0144600055164261,23.519551155804006,6/9,False,False,cung dau voi thuoc do chinh
all9,9,det,rl_learned − free_market+rl_aux,gp_wealth,11.09095717993616,0.5490038328965207,22.834676304581013,-1.1909639360774573,23.372878295949782,6/9,False,False,cung dau voi thuoc do chinh
all9,9,det,rl_learned − free_market+rl_aux,gp_net_wealth,10.994379632911652,0.5559753031913963,22.40236355608905,-1.2493223557106088,23.238081621533915,6/9,False,False,cung dau voi thuoc do chinh
all9,9,det,rl_learned − free_market+rl_aux,gp_consumption,29.033607848128824,12.136018164575011,50.46558747813208,5.686899971974018,52.38031572428363,8/9,False,False,cung dau voi thuoc do chinh
all9,9,det,rl_learned − rl_mean_fixed,primary,1.9217415568265936,-7.234837857521767,10.319282634499583,-6.487686021339736,10.331169134992924,7/9,False,False,cung dau voi thuoc do chinh
all9,9,det,rl_learned − rl_mean_fixed,gp_wealth,2.016881562067872,-7.181725104016903,10.731202759287704,-6.550570326573087,10.58433345070883,7/9,False,False,cung dau voi thuoc do chinh
all9,9,det,rl_learned − rl_mean_fixed,gp_net_wealth,2.025856081881712,-7.021156646276562,10.727399609283676,-6.555092223647463,10.606804387410886,7/9,False,False,cung dau voi thuoc do chinh
all9,9,det,rl_learned − rl_mean_fixed,gp_consumption,2.491086949992607,-3.2203499366007775,8.328362422244501,-3.6160480313777335,8.598221931362946,5/9,False,False,cung dau voi thuoc do chinh
all9,9,exp,rl_learned − free_market,primary,7.647116966162011,-4.278134411032149,20.531217461757333,-4.8256326116531705,20.119866543977192,7/9,False,False,cung dau voi thuoc do chinh
all9,9,exp,rl_learned − free_market,gp_wealth,7.341943612749393,-4.988340487701485,20.67409082139146,-5.271160055253157,19.95504728075194,7/9,False,False,cung dau voi thuoc do chinh
all9,9,exp,rl_learned − free_market,gp_net_wealth,7.190233529320087,-5.268967523703798,20.69366126950879,-5.457653474047889,19.838120532688066,7/9,False,False,cung dau voi thuoc do chinh
all9,9,exp,rl_learned − free_market,gp_consumption,30.12368943436353,18.66666514563627,42.01966143117936,17.218659720387407,43.02871914833965,9/9,False,True,cung dau voi thuoc do chinh
all9,9,exp,rl_learned − us_federal,primary,67.54195059484313,56.33779569207825,80.33416095663578,55.20535827881844,79.87854291086782,9/9,False,False,cung dau voi thuoc do chinh
all9,9,exp,rl_learned − us_federal,gp_wealth,87.40574195342788,73.70886818012114,101.78040570942164,72.32519860502919,102.48628530182657,9/9,False,False,cung dau voi thuoc do chinh
all9,9,exp,rl_learned − us_federal,gp_net_wealth,95.87875188722495,79.95135027225194,111.58986373731416,77.94627787976363,113.81122589468625,9/9,False,False,cung dau voi thuoc do chinh
all9,9,exp,rl_learned − us_federal,gp_consumption,32.2376720386544,20.487622248626526,44.105183270762474,18.89814621076151,45.577197866547294,9/9,False,False,cung dau voi thuoc do chinh
all9,9,exp,rl_learned − saez,primary,188.95618445461724,147.24981653230694,230.8558592619629,137.0983599229263,240.81400898630824,9/9,False,False,cung dau voi thuoc do chinh
all9,9,exp,rl_learned − saez,gp_wealth,180.3578909829831,137.17743201382635,225.92777817310184,127.3655462408189,233.35023572514734,9/9,False,False,cung dau voi thuoc do chinh
all9,9,exp,rl_learned − saez,gp_net_wealth,158.68284072522172,123.67220720208368,195.79803078385387,115.45471312853661,201.91096832190684,9/9,False,False,cung dau voi thuoc do chinh
all9,9,exp,rl_learned − saez,gp_consumption,240.74345691723224,200.55294338745526,278.4288123324579,192.6383075770231,288.84860625744136,9/9,False,False,cung dau voi thuoc do chinh
all9,9,exp,rl_learned − free_market+rl_aux,primary,7.66246071094488,-5.0231046811468145,20.77711212912299,-5.575741078302015,20.900662500191775,6/9,False,False,cung dau voi thuoc do chinh
all9,9,exp,rl_learned − free_market+rl_aux,gp_wealth,7.362128535331895,-5.026835746803461,21.065934597409672,-6.001141001412746,20.72539807207653,6/9,False,False,cung dau voi thuoc do chinh
all9,9,exp,rl_learned − free_market+rl_aux,gp_net_wealth,7.1234964266853344,-5.668179552154826,20.517428328720406,-6.253879189618033,20.5008720429887,6/9,False,False,cung dau voi thuoc do chinh
all9,9,exp,rl_learned − free_market+rl_aux,gp_consumption,29.964518968955215,16.808601645432237,44.03473423848665,14.210394829495124,45.71864310841531,8/9,False,True,cung dau voi thuoc do chinh
all9,9,exp,rl_learned − rl_mean_fixed,primary,1.7737765489497332,-9.415178141077748,12.897726853483315,-5.957214174869383,9.504767272768852,6/9,False,False,cung dau voi thuoc do chinh
all9,9,exp,rl_learned − rl_mean_fixed,gp_wealth,2.0373026244564283,-9.58750592635794,12.933986883201063,-5.835839141961696,9.91044439087455,6/9,False,False,cung dau voi thuoc do chinh
all9,9,exp,rl_learned − rl_mean_fixed,gp_net_wealth,2.088268322796564,-9.247720834640534,13.344994394716975,-5.835807745463137,10.012344391056264,6/9,False,False,cung dau voi thuoc do chinh
all9,9,exp,rl_learned − rl_mean_fixed,gp_consumption,0.07015972952406299,-8.02129129712839,7.49098138553643,-4.95654898559421,5.096868444642336,4/9,False,False,cung dau voi thuoc do chinh
