seed,contrast,sd_v1,sd_v2,ratio
42,rl_learned − free_market,33.06303650315252,48.07467580077453,1.4540308720946025
42,rl_learned − free_market+rl_aux,49.86171523692237,45.81559245056327,0.918853116722247
42,rl_learned − us_federal,22.888947034508575,37.651975721280934,1.6449850517157842
42,rl_learned − us_federal+rl_aux,35.008788559169325,53.51378583462439,1.5285814801668804
42,rl_learned − saez,53.46863867855399,78.51841019104401,1.4684946565235326
42,rl_learned − saez+rl_aux,48.37435112460851,61.04803484049664,1.2619918080811403
42,rl_learned − rl_mean_fixed,34.3514861422424,57.33624388652808,1.6691051923957687
42,rl_learned − flat_pit0_cit0.30,56.049872721457255,51.301902893663105,0.9152902656641267
42,rl_learned − flat_pit0_cit0.50,52.92145962006398,36.245565433749945,0.6848935326796666
202,rl_learned − free_market,32.52564429322637,50.65510630326262,1.55738978901063
202,rl_learned − free_market+rl_aux,43.23389611533881,50.50252470559633,1.1681233764097128
202,rl_learned − us_federal,30.515925914189825,36.905008934039316,1.2093688075470974
202,rl_learned − us_federal+rl_aux,32.393519733583695,29.844797153839362,0.9213199861976725
202,rl_learned − saez,35.90997125919366,34.903135623133245,0.9719622266252121
202,rl_learned − saez+rl_aux,42.46494054789337,43.71014731432646,1.029323172253796
202,rl_learned − rl_mean_fixed,35.338136855798815,50.61912773245779,1.43242208662598
202,rl_learned − flat_pit0_cit0.30,45.50380099864049,40.300185851199,0.8856443850130902
202,rl_learned − flat_pit0_cit0.50,38.501019691215255,43.560097238281884,1.13140113138928
303,rl_learned − free_market,44.67450676520787,48.94754189729616,1.095648177036307
303,rl_learned − free_market+rl_aux,40.002599415071636,46.35457835354359,1.158789154488764
303,rl_learned − us_federal,42.295428616825504,39.42136314604623,0.932047846191209
303,rl_learned − us_federal+rl_aux,37.289422571927474,27.599055996101608,0.7401309565163112
303,rl_learned − saez,29.118644146810812,48.62418251725139,1.669864237912221
303,rl_learned − saez+rl_aux,30.0164890203943,27.718235895694537,0.9234336459824384
303,rl_learned − rl_mean_fixed,51.700281377349356,49.210063583995485,0.9518335736864119
303,rl_learned − flat_pit0_cit0.30,54.018097815359845,46.4044332617694,0.8590534494640141
303,rl_learned − flat_pit0_cit0.50,24.317367872677902,31.493422435871203,1.2950999713770852
404,rl_learned − free_market,34.33494247684692,30.903644619127327,0.9000639695251151
404,rl_learned − free_market+rl_aux,38.96427392909446,27.693022475227398,0.710728564469647
404,rl_learned − us_federal,39.64203968316077,44.92072287251556,1.133158718157408
404,rl_learned − us_federal+rl_aux,40.3579797065359,43.50860566266237,1.0780669889582266
404,rl_learned − saez,48.955135248722364,30.57156241135604,0.6244812164450899
404,rl_learned − saez+rl_aux,53.56723817429828,34.02402560201184,0.6351648276378129
404,rl_learned − rl_mean_fixed,32.42395038884358,58.40261791957007,1.8012184579355026
404,rl_learned − flat_pit0_cit0.30,49.571204170756765,42.68266844776336,0.8610375552051424
404,rl_learned − flat_pit0_cit0.50,38.59919921097399,36.34916733584421,0.9417078094591639
505,rl_learned − free_market,15.342169782167467,28.99320787624506,1.8897723260724495
505,rl_learned − free_market+rl_aux,36.835914352279175,29.84150697116415,0.8101198923902304
505,rl_learned − us_federal,37.74430788427098,42.25891111634859,1.119610173961064
505,rl_learned − us_federal+rl_aux,33.133501114628245,43.88766112090993,1.3245705900223683
505,rl_learned − saez,56.19098285328367,54.35754206103773,0.9673712631609752
505,rl_learned − saez+rl_aux,54.902399610410995,60.06731735559796,1.094074535572896
505,rl_learned − rl_mean_fixed,23.05304022544693,39.21396952210501,1.7010324511913597
505,rl_learned − flat_pit0_cit0.30,24.75259771696796,41.20720938191973,1.6647630221725012
505,rl_learned − flat_pit0_cit0.50,37.70597472470609,39.616428718014774,1.0506671424689864
606,rl_learned − free_market,63.89125269484062,30.430927365726138,0.4762925452576627
606,rl_learned − free_market+rl_aux,46.42736242042378,31.774151990858353,0.6843841720562751
606,rl_learned − us_federal,33.8628047572819,23.553715654277223,0.6955630469213334
606,rl_learned − us_federal+rl_aux,55.11311150394824,43.96591287327773,0.7977396244472255
606,rl_learned − saez,80.32539347059097,83.50736808306753,1.0396135577430015
606,rl_learned − saez+rl_aux,56.61724756619277,68.98359267252204,1.2184201040835025
606,rl_learned − rl_mean_fixed,49.66644771977521,35.91442040094455,0.7231123233048304
606,rl_learned − flat_pit0_cit0.30,38.25477286469074,51.1773132932081,1.3378020430084658
606,rl_learned − flat_pit0_cit0.50,45.18385590504968,52.362107497897526,1.158867618733832
707,rl_learned − free_market,27.464099425394817,46.57421634866059,1.6958217208315052
707,rl_learned − free_market+rl_aux,35.08739584254805,47.115830291887924,1.3428135420284977
707,rl_learned − us_federal,34.69887880666968,37.394569625886206,1.0776881245712864
707,rl_learned − us_federal+rl_aux,43.424043196955424,66.10190940596377,1.5222421621623283
707,rl_learned − saez,66.4880497957139,44.017573908735564,0.6620373742947883
707,rl_learned − saez+rl_aux,52.472267597002904,73.04175338906298,1.392006801574456
707,rl_learned − rl_mean_fixed,44.51531720225548,61.8826472471567,1.3901427898624803
707,rl_learned − flat_pit0_cit0.30,30.877758729155588,37.365867065953665,1.210122385944801
707,rl_learned − flat_pit0_cit0.50,51.75300716707868,32.22407379181711,0.6226512343096386
808,rl_learned − free_market,29.96908963390562,33.94635646492087,1.1327123005603599
808,rl_learned − free_market+rl_aux,30.154625130593203,34.10430882792088,1.1309810246429013
808,rl_learned − us_federal,38.57907345645214,34.0293598254224,0.8820678356579652
808,rl_learned − us_federal+rl_aux,44.68048958486437,44.841914008093504,1.0036128615583437
808,rl_learned − saez,31.797039015594972,60.642802219721695,1.9071839421896868
808,rl_learned − saez+rl_aux,48.56634000131833,42.26988622431601,0.8703535457514113
808,rl_learned − rl_mean_fixed,26.149485134666424,39.972546522993824,1.528616961945539
808,rl_learned − flat_pit0_cit0.30,34.5527801531901,46.56940465149129,1.3477759081910448
808,rl_learned − flat_pit0_cit0.50,55.91404245923307,47.56120031871914,0.8506128018448319
909,rl_learned − free_market,30.12642574875211,16.446097024996426,0.5459026955986525
909,rl_learned − free_market+rl_aux,31.675947192743273,17.039911235394314,0.5379448049874901
909,rl_learned − us_federal,26.20755034997218,16.783587444184082,0.6404103863221958
909,rl_learned − us_federal+rl_aux,25.015242200124234,17.77326702119587,0.7104974990451063
909,rl_learned − saez,32.50441670407356,40.03999249458457,1.2318323647864944
909,rl_learned − saez+rl_aux,32.12628585342607,16.207211662218374,0.5044844504018499
909,rl_learned − rl_mean_fixed,29.734560509518765,9.953880093714586,0.33475793565296197
909,rl_learned − flat_pit0_cit0.30,27.065905919640787,12.195346533084352,0.4505796543183361
909,rl_learned − flat_pit0_cit0.50,31.75728994986016,14.65248871373721,0.4613897702502707
